fecha_corte,monday,rango_edad,dosis,n,n_acum,pob2021,pct_acum
2021-10-20,2021-02-08,15-19,1,27,27,2494642,1.0823196274254983e-5
2021-10-20,2021-02-08,20-24,1,1565,1565,2652060,5.901073128058943e-4
2021-10-20,2021-02-08,25-29,1,11526,11526,2729544,0.004222683349306698
2021-10-20,2021-02-08,30-34,1,19979,19979,2620443,0.0076242833749865955
2021-10-20,2021-02-08,35-39,1,18329,18329,2488392,0.007365800886677019
2021-10-20,2021-02-08,40-44,1,14824,14824,2291816,0.006468233051868038
2021-10-20,2021-02-08,45-49,1,13264,13264,1992510,0.006656930203612529
2021-10-20,2021-02-08,45-49,2,1,1,1992510,5.018795388730796e-7
2021-10-20,2021-02-08,50-54,1,10132,10132,1795634,0.005642575268679475
2021-10-20,2021-02-08,55-59,1,8684,8684,1563778,0.005553217912005412
2021-10-20,2021-02-08,60-64,1,6114,6114,1256325,0.004866575129842995
2021-10-20,2021-02-08,65-69,1,1208,1208,1043853,0.0011572510688765564
2021-10-20,2021-02-08,70-74,1,58,58,778097,7.454083488305443e-5
2021-10-20,2021-02-08,75-79,1,18,18,546389,3.2943562187379324e-5
2021-10-20,2021-02-08,80+,1,9,9,674853,1.3336237669536921e-5
2021-10-20,2021-02-15,10-14,1,1,1,2712491,3.6866481768971767e-7
2021-10-20,2021-02-15,15-19,1,197,224,2494642,8.979244316418949e-5
2021-10-20,2021-02-15,20-24,1,4114,5679,2652060,0.0021413542680029864
2021-10-20,2021-02-15,25-29,1,11931,23457,2729544,0.008593743130720735
2021-10-20,2021-02-15,30-34,1,14936,34915,2620443,0.013324082989021322
2021-10-20,2021-02-15,30-34,2,1,1,2620443,3.8161486435690453e-7
2021-10-20,2021-02-15,35-39,1,13499,31828,2488392,0.012790589264070933
2021-10-20,2021-02-15,40-44,1,11442,26266,2291816,0.011460780446597808
2021-10-20,2021-02-15,40-44,2,2,2,2291816,8.726704063502481e-7
2021-10-20,2021-02-15,45-49,1,10487,23751,1992510,0.011920140927774516
2021-10-20,2021-02-15,45-49,2,1,2,1992510,1.0037590777461593e-6
2021-10-20,2021-02-15,50-54,1,8294,18426,1795634,0.010261556642389261
2021-10-20,2021-02-15,55-59,1,7084,15768,1563778,0.01008327268960172
2021-10-20,2021-02-15,60-64,1,5887,12001,1256325,0.009552464529480827
2021-10-20,2021-02-15,65-69,1,4156,5364,1043853,0.005138654580673715
2021-10-20,2021-02-15,70-74,1,135,193,778097,2.4804105400740527e-4
2021-10-20,2021-02-15,75-79,1,28,46,546389,8.418910336774716e-5
2021-10-20,2021-02-15,80+,1,18,27,674853,4.0008713008610765e-5
2021-10-20,2021-02-15,Desconocido,1,1,1,NA,NA
2021-10-20,2021-02-22,15-19,1,302,526,2494642,2.1085189778733782e-4
2021-10-20,2021-02-22,20-24,1,5605,11284,2652060,0.004254805698211956
2021-10-20,2021-02-22,20-24,2,3,3,2652060,1.131196126784462e-6
2021-10-20,2021-02-22,25-29,1,16017,39474,2729544,0.014461756249395503
2021-10-20,2021-02-22,25-29,2,2,2,2729544,7.327231215177333e-7
2021-10-20,2021-02-22,30-34,1,18593,53508,2620443,0.02041944816200925
2021-10-20,2021-02-22,30-34,2,3,4,2620443,1.5264594574276181e-6
2021-10-20,2021-02-22,35-39,1,16558,48386,2488392,0.019444685564010813
2021-10-20,2021-02-22,35-39,2,3,3,2488392,1.2055978318528593e-6
2021-10-20,2021-02-22,40-44,1,15145,41411,2291816,0.01806907709868506
2021-10-20,2021-02-22,45-49,1,13883,37634,1992510,0.01888773456594948
2021-10-20,2021-02-22,45-49,2,2,4,1992510,2.0075181554923186e-6
2021-10-20,2021-02-22,50-54,1,11313,29739,1795634,0.016561838325627607
2021-10-20,2021-02-22,50-54,2,3,3,1795634,1.6707190886338754e-6
2021-10-20,2021-02-22,55-59,1,9603,25371,1563778,0.016224169926933363
2021-10-20,2021-02-22,55-59,2,1,1,1563778,6.394769590056901e-7
2021-10-20,2021-02-22,60-64,1,8499,20500,1256325,0.016317433785047658
2021-10-20,2021-02-22,65-69,1,7704,13068,1043853,0.012519004112648046
2021-10-20,2021-02-22,65-69,2,2,2,1043853,1.915978590855226e-6
2021-10-20,2021-02-22,70-74,1,389,582,778097,7.479787224472013e-4
2021-10-20,2021-02-22,75-79,1,110,156,546389,2.855108722906208e-4
2021-10-20,2021-02-22,80+,1,96,123,674853,1.822619148170046e-4
2021-10-20,2021-03-01,15-19,1,164,690,2494642,2.765927936754051e-4
2021-10-20,2021-03-01,15-19,2,21,21,2494642,8.418041546642765e-6
2021-10-20,2021-03-01,20-24,1,1856,13140,2652060,0.004954639035315943
2021-10-20,2021-03-01,20-24,2,1294,1297,2652060,4.890537921464823e-4
2021-10-20,2021-03-01,25-29,1,4879,44353,2729544,0.016249234304338014
2021-10-20,2021-03-01,25-29,2,9684,9686,2729544,0.003548578077510383
2021-10-20,2021-03-01,30-34,1,5548,59056,2620443,0.022536647429461355
2021-10-20,2021-03-01,30-34,2,17145,17149,2620443,0.006544313308856556
2021-10-20,2021-03-01,35-39,1,4701,53087,2488392,0.021333857366524246
2021-10-20,2021-03-01,35-39,2,15846,15849,2488392,0.0063691733456786555
2021-10-20,2021-03-01,40-44,1,4047,45458,2291816,0.019834925665934786
2021-10-20,2021-03-01,40-44,2,13077,13079,2291816,0.0057068281223274465
2021-10-20,2021-03-01,45-49,1,3558,41192,1992510,0.020673421965259897
2021-10-20,2021-03-01,45-49,2,11917,11921,1992510,0.005982905982905983
2021-10-20,2021-03-01,50-54,1,2590,32329,1795634,0.018004225805481517
2021-10-20,2021-03-01,50-54,2,9184,9187,1795634,0.005116298755759804
2021-10-20,2021-03-01,55-59,1,2484,27855,1563778,0.017812630693103498
2021-10-20,2021-03-01,55-59,2,7914,7915,1563778,0.005061460130530037
2021-10-20,2021-03-01,60-64,1,2435,22935,1256325,0.018255626529759417
2021-10-20,2021-03-01,60-64,2,5632,5632,1256325,0.004482916442799435
2021-10-20,2021-03-01,65-69,1,2525,15593,1043853,0.014937927083602767
2021-10-20,2021-03-01,65-69,2,1177,1179,1043853,0.0011294693793091556
2021-10-20,2021-03-01,70-74,1,216,798,778097,0.0010255790730461626
2021-10-20,2021-03-01,70-74,2,60,60,778097,7.711120849971147e-5
2021-10-20,2021-03-01,75-79,1,66,222,546389,4.0630393364434494e-4
2021-10-20,2021-03-01,75-79,2,14,14,546389,2.5622770590183917e-5
2021-10-20,2021-03-01,80+,1,33,156,674853,2.3116145293863998e-4
2021-10-20,2021-03-01,80+,2,3,3,674853,4.445412556512307e-6
2021-10-20,2021-03-08,15-19,1,2469,3159,2494642,0.001266313964087833
2021-10-20,2021-03-08,15-19,2,102,123,2494642,4.930567191605048e-5
2021-10-20,2021-03-08,20-24,1,7524,20664,2652060,0.007791678921291374
2021-10-20,2021-03-08,20-24,2,3139,4436,2652060,0.0016726620061386242
2021-10-20,2021-03-08,25-29,1,6455,50808,2729544,0.0186140981790365
2021-10-20,2021-03-08,25-29,2,10008,19694,2729544,0.00721512457758512
2021-10-20,2021-03-08,30-34,1,6217,65273,2620443,0.02490914704116823
2021-10-20,2021-03-08,30-34,2,13134,30283,2620443,0.01155644293732014
2021-10-20,2021-03-08,35-39,1,4635,57722,2488392,0.023196506016736913
2021-10-20,2021-03-08,35-39,2,12000,27849,2488392,0.011191564673090092
2021-10-20,2021-03-08,40-44,1,6413,51871,2291816,0.02263314332389686
2021-10-20,2021-03-08,40-44,2,10116,23195,2291816,0.010120795037647002
2021-10-20,2021-03-08,45-49,1,6292,47484,1992510,0.023831248023849314
2021-10-20,2021-03-08,45-49,2,9224,21145,1992510,0.01061224284947127
2021-10-20,2021-03-08,50-54,1,7307,39636,1795634,0.02207354059903076
2021-10-20,2021-03-08,50-54,2,7344,16531,1795634,0.009206219084735531
2021-10-20,2021-03-08,55-59,1,6800,34655,1563778,0.02216107401434219
2021-10-20,2021-03-08,55-59,2,6302,14217,1563778,0.009091443926183896
2021-10-20,2021-03-08,60-64,1,2407,25342,1256325,0.02017153204783794
2021-10-20,2021-03-08,60-64,2,5234,10866,1256325,0.008649035878455018
2021-10-20,2021-03-08,65-69,1,1964,17557,1043853,0.0168194180598226
2021-10-20,2021-03-08,65-69,2,3628,4807,1043853,0.0046050545431205354
2021-10-20,2021-03-08,70-74,1,1539,2337,778097,0.003003481571063762
2021-10-20,2021-03-08,70-74,2,133,193,778097,2.4804105400740527e-4
2021-10-20,2021-03-08,75-79,1,1142,1364,546389,0.0024963899346436332
2021-10-20,2021-03-08,75-79,2,22,36,546389,6.588712437475865e-5
2021-10-20,2021-03-08,80+,1,13030,13186,674853,0.019539069990057095
2021-10-20,2021-03-08,80+,2,35,38,674853,5.630855904915589e-5
2021-10-20,2021-03-08,Desconocido,2,1,1,NA,NA
2021-10-20,2021-03-15,15-19,1,2564,5723,2494642,0.002294116751020788
2021-10-20,2021-03-15,15-19,2,248,371,2494642,1.4871873399068883e-4
2021-10-20,2021-03-15,20-24,1,13962,34626,2652060,0.013056265695346259
2021-10-20,2021-03-15,20-24,2,5295,9731,2652060,0.0036692231699131995
2021-10-20,2021-03-15,25-29,1,15536,66344,2729544,0.02430589138698625
2021-10-20,2021-03-15,25-29,2,15467,35161,2729544,0.012881638837842511
2021-10-20,2021-03-15,30-34,1,13637,78910,2620443,0.030113228946403336
2021-10-20,2021-03-15,30-34,2,17885,48168,2620443,0.01838162478634338
2021-10-20,2021-03-15,35-39,1,9612,67334,2488392,0.027059241469993472
2021-10-20,2021-03-15,35-39,2,16083,43932,2488392,0.01765477464965327
2021-10-20,2021-03-15,40-44,1,5538,57409,2291816,0.025049567679080693
2021-10-20,2021-03-15,40-44,2,14632,37827,2291816,0.016505251730505415
2021-10-20,2021-03-15,45-49,1,5334,52818,1992510,0.026508273484198323
2021-10-20,2021-03-15,45-49,2,13600,34745,1992510,0.017437804578145154
2021-10-20,2021-03-15,50-54,1,4790,44426,1795634,0.024741122077216182
2021-10-20,2021-03-15,50-54,2,11132,27663,1795634,0.015405700716292964
2021-10-20,2021-03-15,55-59,1,3796,38451,1563778,0.024588528550727788
2021-10-20,2021-03-15,55-59,2,9483,23700,1563778,0.015155603928434855
2021-10-20,2021-03-15,60-64,1,3067,28409,1256325,0.02261277933655702
2021-10-20,2021-03-15,60-64,2,8258,19124,1256325,0.01522217579050007
2021-10-20,2021-03-15,65-69,1,3190,20747,1043853,0.019875403912236685
2021-10-20,2021-03-15,65-69,2,7542,12349,1043853,0.011830209809235591
2021-10-20,2021-03-15,70-74,1,5381,7718,778097,0.009919071786679553
2021-10-20,2021-03-15,70-74,2,389,582,778097,7.479787224472013e-4
2021-10-20,2021-03-15,75-79,1,5082,6446,546389,0.011797455658880395
2021-10-20,2021-03-15,75-79,2,86,122,546389,2.2328414371445985e-4
2021-10-20,2021-03-15,80+,1,41906,55092,674853,0.081635556187792
2021-10-20,2021-03-15,80+,2,46,84,674853,1.244715515823446e-4
2021-10-20,2021-03-22,15-19,1,3310,9033,2494642,0.003620960442420195
2021-10-20,2021-03-22,15-19,2,129,500,2494642,2.0042956063435154e-4
2021-10-20,2021-03-22,20-24,1,9874,44500,2652060,0.016779409213969518
2021-10-20,2021-03-22,20-24,2,1917,11648,2652060,0.004392057494928471
2021-10-20,2021-03-22,25-29,1,7045,73389,2729544,0.026886908582532468
2021-10-20,2021-03-22,25-29,2,5428,40589,2729544,0.01487024938964164
2021-10-20,2021-03-22,30-34,1,5409,84319,2620443,0.032177383747709835
2021-10-20,2021-03-22,30-34,2,6311,54479,2620443,0.020789996195299802
2021-10-20,2021-03-22,35-39,1,3510,70844,2488392,0.02846979093326132
2021-10-20,2021-03-22,35-39,2,5393,49325,2488392,0.01982203768538076
2021-10-20,2021-03-22,40-44,1,2794,60203,2291816,0.02626868823675199
2021-10-20,2021-03-22,40-44,2,4581,42408,2291816,0.01850410329625066
2021-10-20,2021-03-22,45-49,1,2515,55333,1992510,0.027770500524464118
2021-10-20,2021-03-22,45-49,2,3926,38671,1992510,0.019408183647760865
2021-10-20,2021-03-22,50-54,1,2240,46666,1795634,0.02598859233006281
2021-10-20,2021-03-22,50-54,2,2823,30486,1795634,0.016977847378697442
2021-10-20,2021-03-22,55-59,1,2034,40485,1563778,0.025889224685345363
2021-10-20,2021-03-22,55-59,2,2660,26360,1563778,0.01685661263938999
2021-10-20,2021-03-22,60-64,1,2753,31162,1256325,0.024804091298031957
2021-10-20,2021-03-22,60-64,2,2525,21649,1256325,0.017232006049390087
2021-10-20,2021-03-22,65-69,1,2996,23743,1043853,0.022745539841337814
2021-10-20,2021-03-22,65-69,2,2507,14856,1043853,0.014231888972872617
2021-10-20,2021-03-22,70-74,1,4955,12673,778097,0.016287172421947393
2021-10-20,2021-03-22,70-74,2,225,807,778097,0.0010371457543211194
2021-10-20,2021-03-22,75-79,1,4314,10760,546389,0.019692929396455637
2021-10-20,2021-03-22,75-79,2,56,178,546389,3.257752260751955e-4
2021-10-20,2021-03-22,80+,1,26531,81623,674853,0.12094930303340135
2021-10-20,2021-03-22,80+,2,29,113,674853,1.6744387296196357e-4
2021-10-20,2021-03-29,15-19,1,457,9490,2494642,0.003804153060839992
2021-10-20,2021-03-29,15-19,2,2075,2575,2494642,0.0010322122372669103
2021-10-20,2021-03-29,20-24,1,1520,46020,2652060,0.017352548584873645
2021-10-20,2021-03-29,20-24,2,6742,18390,2652060,0.0069342322571887514
2021-10-20,2021-03-29,25-29,1,2286,75675,2729544,0.027724411110427238
2021-10-20,2021-03-29,25-29,2,5381,45970,2729544,0.0168416409480851
2021-10-20,2021-03-29,30-34,1,3057,87376,2620443,0.033343980388048894
2021-10-20,2021-03-29,30-34,2,5091,59570,2620443,0.022732797469740804
2021-10-20,2021-03-29,35-39,1,2352,73196,2488392,0.02941497963343396
2021-10-20,2021-03-29,35-39,2,3867,53192,2488392,0.021376053290639095
2021-10-20,2021-03-29,40-44,1,2261,62464,2291816,0.027255242131130945
2021-10-20,2021-03-29,40-44,2,5629,48037,2291816,0.020960234154923433
2021-10-20,2021-03-29,45-49,1,1983,57316,1992510,0.028765727650049436
2021-10-20,2021-03-29,45-49,2,5712,44383,1992510,0.022274919573803894
2021-10-20,2021-03-29,50-54,1,1301,47967,1795634,0.026713127508167032
2021-10-20,2021-03-29,50-54,2,6850,37336,1795634,0.020792655964411457
2021-10-20,2021-03-29,55-59,1,1019,41504,1563778,0.02654085170657216
2021-10-20,2021-03-29,55-59,2,6373,32733,1563778,0.020931999299133253
2021-10-20,2021-03-29,60-64,1,1037,32199,1256325,0.025629514655841443
2021-10-20,2021-03-29,60-64,2,2181,23830,1256325,0.018968021809643205
2021-10-20,2021-03-29,65-69,1,919,24662,1043853,0.023625932003835788
2021-10-20,2021-03-29,65-69,2,1512,16368,1043853,0.015680368787559167
2021-10-20,2021-03-29,70-74,1,866,13539,778097,0.017400144197959894
2021-10-20,2021-03-29,70-74,2,1231,2038,778097,0.0026192107153735333
2021-10-20,2021-03-29,75-79,1,567,11327,546389,0.020730651605358086
2021-10-20,2021-03-29,75-79,2,960,1138,546389,0.0020827652094020928
2021-10-20,2021-03-29,80+,1,5791,87414,674853,0.1295304310716556
2021-10-20,2021-03-29,80+,2,11691,11804,674853,0.017491216605690425
2021-10-20,2021-04-05,10-14,1,1,2,2712491,7.373296353794353e-7
2021-10-20,2021-04-05,15-19,1,1439,10929,2494642,0.004380989336345656
2021-10-20,2021-04-05,15-19,2,2118,4693,2494642,0.0018812318561140236
2021-10-20,2021-04-05,20-24,1,7199,53219,2652060,0.020067042223780758
2021-10-20,2021-04-05,20-24,2,7475,25865,2652060,0.009752795939760035
2021-10-20,2021-04-05,25-29,1,10900,86575,2729544,0.03171775212269888
2021-10-20,2021-04-05,25-29,2,7218,53188,2729544,0.019486038693642602
2021-10-20,2021-04-05,30-34,1,11714,99090,2620443,0.03781421690912567
2021-10-20,2021-04-05,30-34,2,10143,69713,2620443,0.026603517038912887
2021-10-20,2021-04-05,35-39,1,8788,81984,2488392,0.032946577548874936
2021-10-20,2021-04-05,35-39,2,8747,61939,2488392,0.02489117470237808
2021-10-20,2021-04-05,40-44,1,7443,69907,2291816,0.030502885048363394
2021-10-20,2021-04-05,40-44,2,5884,53921,2291816,0.023527630490405863
2021-10-20,2021-04-05,45-49,1,6634,63950,1992510,0.03209519651093345
2021-10-20,2021-04-05,45-49,2,5451,49834,1992510,0.025010664940201054
2021-10-20,2021-04-05,50-54,1,4791,52758,1795634,0.02938126589271533
2021-10-20,2021-04-05,50-54,2,4216,41552,1795634,0.02314057319030493
2021-10-20,2021-04-05,55-59,1,3397,44901,1563778,0.02871315493631449
2021-10-20,2021-04-05,55-59,2,3120,35853,1563778,0.022927167411231006
2021-10-20,2021-04-05,60-64,1,2042,34241,1256325,0.02725489025530814
2021-10-20,2021-04-05,60-64,2,2712,26542,1256325,0.021126698903548048
2021-10-20,2021-04-05,65-69,1,1500,26162,1043853,0.02506291594697721
2021-10-20,2021-04-05,65-69,2,3025,19393,1043853,0.018578286406227697
2021-10-20,2021-04-05,70-74,1,1111,14650,778097,0.018827986742012887
2021-10-20,2021-04-05,70-74,2,4707,6745,778097,0.008668585022175898
2021-10-20,2021-04-05,75-79,1,622,11949,546389,0.02186903469872197
2021-10-20,2021-04-05,75-79,2,3938,5076,546389,0.009290084536840968
2021-10-20,2021-04-05,80+,1,1783,89197,674853,0.13217248793440942
2021-10-20,2021-04-05,80+,2,32915,44719,674853,0.06626480137155795
2021-10-20,2021-04-12,15-19,1,1754,12683,2494642,0.005084096235050961
2021-10-20,2021-04-12,15-19,2,3226,7919,2494642,0.0031744033813268595
2021-10-20,2021-04-12,20-24,1,4447,57666,2652060,0.021743851949050926
2021-10-20,2021-04-12,20-24,2,15410,41275,2652060,0.015563373377676222
2021-10-20,2021-04-12,25-29,1,1773,88348,2729544,0.032367311169924355
2021-10-20,2021-04-12,25-29,2,15979,69167,2729544,0.025340130073008532
2021-10-20,2021-04-12,30-34,1,1213,100303,2620443,0.0382771157395906
2021-10-20,2021-04-12,30-34,2,10487,80200,2620443,0.030605512121423744
2021-10-20,2021-04-12,35-39,1,879,82863,2488392,0.03329981771360782
2021-10-20,2021-04-12,35-39,2,5604,67543,2488392,0.02714323145227922
2021-10-20,2021-04-12,40-44,1,814,70721,2291816,0.030858061903747944
2021-10-20,2021-04-12,40-44,2,3548,57469,2291816,0.0250757477912712
2021-10-20,2021-04-12,45-49,1,840,64790,1992510,0.032516775323586836
2021-10-20,2021-04-12,45-49,2,3086,52920,1992510,0.026559465197163377
2021-10-20,2021-04-12,50-54,1,523,53281,1795634,0.029672527920500503
2021-10-20,2021-04-12,50-54,2,3308,44860,1795634,0.024982819438705214
2021-10-20,2021-04-12,55-59,1,544,45445,1563778,0.029061030402013584
2021-10-20,2021-04-12,55-59,2,3177,39030,1563778,0.024958785709992083
2021-10-20,2021-04-12,60-64,1,267,34508,1256325,0.02746741488070364
2021-10-20,2021-04-12,60-64,2,3194,29736,1256325,0.023669034684496448
2021-10-20,2021-04-12,65-69,1,261,26423,1043853,0.025312951153083817
2021-10-20,2021-04-12,65-69,2,3256,22649,1043853,0.021697499552140006
2021-10-20,2021-04-12,70-74,1,258,14908,778097,0.019159564938561646
2021-10-20,2021-04-12,70-74,2,5202,11947,778097,0.015354126799100884
2021-10-20,2021-04-12,75-79,1,732,12681,546389,0.02320873956100873
2021-10-20,2021-04-12,75-79,2,4834,9910,546389,0.018137261182051615
2021-10-20,2021-04-12,80+,1,42217,131414,674853,0.19472981523383612
2021-10-20,2021-04-12,80+,2,31019,75738,674853,0.11222888540170971
2021-10-20,2021-04-19,15-19,1,431,13114,2494642,0.005256866516317772
2021-10-20,2021-04-19,15-19,2,559,8478,2494642,0.0033984836301160647
2021-10-20,2021-04-19,20-24,1,2850,60516,2652060,0.022818488269496166
2021-10-20,2021-04-19,20-24,2,2475,43750,2652060,0.016496610182273403
2021-10-20,2021-04-19,25-29,1,6338,94686,2729544,0.03468931074201405
2021-10-20,2021-04-19,25-29,2,3000,72167,2729544,0.026439214755285132
2021-10-20,2021-04-19,30-34,1,7346,107649,2620443,0.041080458533156415
2021-10-20,2021-04-19,30-34,2,3521,83721,2620443,0.031949178058824405
2021-10-20,2021-04-19,35-39,1,5070,87933,2488392,0.035337278049439154
2021-10-20,2021-04-19,35-39,2,2585,70128,2488392,0.028182054917392438
2021-10-20,2021-04-19,40-44,1,2698,73419,2291816,0.03203529428191443
2021-10-20,2021-04-19,40-44,2,2457,59926,2291816,0.02614782338547248
2021-10-20,2021-04-19,45-49,1,2533,67323,1992510,0.033788036195552346
2021-10-20,2021-04-19,45-49,2,2118,55038,1992510,0.02762244606049656
2021-10-20,2021-04-19,50-54,1,3683,56964,1795634,0.031723614054980025
2021-10-20,2021-04-19,50-54,2,1446,46306,1795634,0.02578810603942674
2021-10-20,2021-04-19,55-59,1,2999,48444,1563778,0.03097882180207165
2021-10-20,2021-04-19,55-59,2,1156,40186,1563778,0.025698021074602662
2021-10-20,2021-04-19,60-64,1,973,35481,1256325,0.028241896006208585
2021-10-20,2021-04-19,60-64,2,1164,30900,1256325,0.024595546534535252
2021-10-20,2021-04-19,65-69,1,566,26989,1043853,0.025855173094295844
2021-10-20,2021-04-19,65-69,2,1027,23676,1043853,0.022681354558544163
2021-10-20,2021-04-19,70-74,1,910,15818,778097,0.020329084934140602
2021-10-20,2021-04-19,70-74,2,764,12711,778097,0.016336009520663875
2021-10-20,2021-04-19,75-79,1,11114,23795,546389,0.043549559013816165
2021-10-20,2021-04-19,75-79,2,578,10488,546389,0.019195115567846352
2021-10-20,2021-04-19,80+,1,70376,201790,674853,0.2990132665928728
2021-10-20,2021-04-19,80+,2,6844,82582,674853,0.12237035324729978
2021-10-20,2021-04-26,15-19,1,120,13234,2494642,0.0053049696108700166
2021-10-20,2021-04-26,15-19,2,831,9309,2494642,0.003731597559890357
2021-10-20,2021-04-26,20-24,1,2150,62666,2652060,0.02362917882702503
2021-10-20,2021-04-26,20-24,2,5479,49229,2652060,0.018562551375157426
2021-10-20,2021-04-26,25-29,1,2737,97423,2729544,0.03569204233381107
2021-10-20,2021-04-26,25-29,2,9352,81519,2729544,0.029865428071502054
2021-10-20,2021-04-26,30-34,1,1957,109606,2620443,0.04182727882270288
2021-10-20,2021-04-26,30-34,2,10263,93984,2620443,0.035865691411719317
2021-10-20,2021-04-26,35-39,1,1274,89207,2488392,0.03584925526203267
2021-10-20,2021-04-26,35-39,2,7823,77951,2488392,0.031325852196920745
2021-10-20,2021-04-26,40-44,1,966,74385,2291816,0.0324567940881816
2021-10-20,2021-04-26,40-44,2,6834,66760,2291816,0.02912973816397128
2021-10-20,2021-04-26,45-49,1,798,68121,1992510,0.034188536067573064
2021-10-20,2021-04-26,45-49,2,6083,61121,1992510,0.0306753792954615
2021-10-20,2021-04-26,50-54,1,585,57549,1795634,0.03204940427726363
2021-10-20,2021-04-26,50-54,2,4290,50596,1795634,0.028177234336173185
2021-10-20,2021-04-26,55-59,1,589,49033,1563778,0.031355473730926
2021-10-20,2021-04-26,55-59,2,3045,43231,1563778,0.027645228414774986
2021-10-20,2021-04-26,60-64,1,6047,41528,1256325,0.033055140986607764
2021-10-20,2021-04-26,60-64,2,1866,32766,1256325,0.026080830995164467
2021-10-20,2021-04-26,65-69,1,11300,38289,1043853,0.03668045213262787
2021-10-20,2021-04-26,65-69,2,1310,24986,1043853,0.023936320535554334
2021-10-20,2021-04-26,70-74,1,75987,91805,778097,0.1179865749386002
2021-10-20,2021-04-26,70-74,2,894,13605,778097,0.017484966527309576
2021-10-20,2021-04-26,75-79,1,59169,82964,546389,0.1518405385174299
2021-10-20,2021-04-26,75-79,2,456,10944,546389,0.020029685809926628
2021-10-20,2021-04-26,80+,1,114926,316716,674853,0.4693110944161173
2021-10-20,2021-04-26,80+,2,1451,84033,674853,0.12452045112046624
2021-10-20,2021-05-03,10-14,1,3,5,2712491,1.8433240884485884e-6
2021-10-20,2021-05-03,15-19,1,64,13298,2494642,0.005330624594631214
2021-10-20,2021-05-03,15-19,2,1342,10651,2494642,0.0042695505006329565
2021-10-20,2021-05-03,20-24,1,3630,66296,2652060,0.024997926140434227
2021-10-20,2021-05-03,20-24,2,3938,53167,2652060,0.020047434824249828
2021-10-20,2021-05-03,25-29,1,2810,100233,2729544,0.036721518319543484
2021-10-20,2021-05-03,25-29,2,2111,83630,2729544,0.03063881732626402
2021-10-20,2021-05-03,30-34,1,1389,110995,2620443,0.04235734186929462
2021-10-20,2021-05-03,30-34,2,2130,96114,2620443,0.036678531072799524
2021-10-20,2021-05-03,35-39,1,683,89890,2488392,0.03612372970175117
2021-10-20,2021-05-03,35-39,2,1503,79454,2488392,0.03192985671067902
2021-10-20,2021-05-03,40-44,1,384,74769,2291816,0.03262434680620085
2021-10-20,2021-05-03,40-44,2,1119,67879,2291816,0.029617997256324243
2021-10-20,2021-05-03,45-49,1,328,68449,1992510,0.03435315255632343
2021-10-20,2021-05-03,45-49,2,1002,62123,1992510,0.031178262593412328
2021-10-20,2021-05-03,50-54,1,226,57775,1795634,0.03217526511527405
2021-10-20,2021-05-03,50-54,2,858,51454,1795634,0.028655059995522474
2021-10-20,2021-05-03,55-59,1,305,49338,1563778,0.03155051420342274
2021-10-20,2021-05-03,55-59,2,617,43848,1563778,0.0280397856984815
2021-10-20,2021-05-03,60-64,1,6652,48180,1256325,0.03834994925676079
2021-10-20,2021-05-03,60-64,2,419,33185,1256325,0.026414343422283246
2021-10-20,2021-05-03,65-69,1,17820,56109,1043853,0.05375182137714793
2021-10-20,2021-05-03,65-69,2,467,25453,1043853,0.02438370153651903
2021-10-20,2021-05-03,70-74,1,92494,184299,778097,0.23685864358813877
2021-10-20,2021-05-03,70-74,2,505,14110,778097,0.01813398586551548
2021-10-20,2021-05-03,75-79,1,73256,156220,546389,0.2859135158284665
2021-10-20,2021-05-03,75-79,2,788,11732,546389,0.021471881754574124
2021-10-20,2021-05-03,80+,1,83537,400253,674853,0.5930965706605735
2021-10-20,2021-05-03,80+,2,34231,118264,674853,0.17524409019445716
2021-10-20,2021-05-10,10-14,1,2,7,2712491,2.580653723828024e-6
2021-10-20,2021-05-10,15-19,1,697,13995,2494642,0.0056100234021554994
2021-10-20,2021-05-10,15-19,2,1318,11969,2494642,0.004797882822465107
2021-10-20,2021-05-10,20-24,1,6716,73012,2652060,0.027530297202929044
2021-10-20,2021-05-10,20-24,2,3694,56861,2652060,0.021440314321697095
2021-10-20,2021-05-10,25-29,1,8379,108612,2729544,0.03979126183714203
2021-10-20,2021-05-10,25-29,2,4304,87934,2729544,0.03221563748377018
2021-10-20,2021-05-10,30-34,1,4598,115593,2620443,0.04411200701560767
2021-10-20,2021-05-10,30-34,2,4438,100552,2620443,0.038372137840815466
2021-10-20,2021-05-10,35-39,1,1591,91481,2488392,0.03676309841857714
2021-10-20,2021-05-10,35-39,2,2996,82450,2488392,0.03313384707875608
2021-10-20,2021-05-10,40-44,1,1145,75914,2291816,0.03312395061383636
2021-10-20,2021-05-10,40-44,2,2046,69925,2291816,0.030510739082020545
2021-10-20,2021-05-10,45-49,1,1031,69480,1992510,0.03487059036090158
2021-10-20,2021-05-10,45-49,2,2082,64205,1992510,0.03222317579334608
2021-10-20,2021-05-10,50-54,1,1013,58788,1795634,0.03273941126086942
2021-10-20,2021-05-10,50-54,2,2582,54036,1795634,0.030092992224473362
2021-10-20,2021-05-10,55-59,1,1778,51116,1563778,0.03268750423653485
2021-10-20,2021-05-10,55-59,2,2402,46250,1563778,0.029575809354013164
2021-10-20,2021-05-10,60-64,1,16333,64513,1256325,0.0513505661353551
2021-10-20,2021-05-10,60-64,2,843,34028,1256325,0.027085348138419597
2021-10-20,2021-05-10,65-69,1,39251,95360,1043853,0.09135385921197717
2021-10-20,2021-05-10,65-69,2,546,25999,1043853,0.024906763691822507
2021-10-20,2021-05-10,70-74,1,168819,353118,778097,0.45382259538335196
2021-10-20,2021-05-10,70-74,2,799,14909,778097,0.01916085012536997
2021-10-20,2021-05-10,75-79,1,110099,266319,546389,0.48741647434337076
2021-10-20,2021-05-10,75-79,2,9805,21537,546389,0.03941697215719936
2021-10-20,2021-05-10,80+,1,33487,433740,674853,0.6427177474205493
2021-10-20,2021-05-10,80+,2,68836,187100,674853,0.27724556310781756
2021-10-20,2021-05-17,10-14,1,1,8,2712491,2.9493185415177414e-6
2021-10-20,2021-05-17,15-19,1,679,14674,2494642,0.005882206745496949
2021-10-20,2021-05-17,15-19,2,85,12054,2494642,0.004831955847772947
2021-10-20,2021-05-17,20-24,1,4514,77526,2652060,0.029232370308364064
2021-10-20,2021-05-17,20-24,2,1714,58575,2652060,0.02208660437546662
2021-10-20,2021-05-17,25-29,1,5100,113712,2729544,0.041659705797012246
2021-10-20,2021-05-17,25-29,2,2520,90454,2729544,0.033138868616882526
2021-10-20,2021-05-17,30-34,1,2795,118388,2620443,0.045178620561485215
2021-10-20,2021-05-17,30-34,2,2593,103145,2620443,0.03936166518409292
2021-10-20,2021-05-17,35-39,1,2184,93665,2488392,0.03764077364016602
2021-10-20,2021-05-17,35-39,2,1896,84346,2488392,0.03389578490848709
2021-10-20,2021-05-17,40-44,1,1974,77888,2291816,0.033985276304904055
2021-10-20,2021-05-17,40-44,2,1366,71291,2291816,0.031106772969557765
2021-10-20,2021-05-17,45-49,1,2010,71490,1992510,0.035879368234036466
2021-10-20,2021-05-17,45-49,2,1115,65320,1992510,0.032782771479189565
2021-10-20,2021-05-17,50-54,1,1990,60778,1795634,0.03384765492299656
2021-10-20,2021-05-17,50-54,2,1196,55232,1795634,0.0307590522344754
2021-10-20,2021-05-17,55-59,1,3741,54857,1563778,0.03507978754017514
2021-10-20,2021-05-17,55-59,2,983,47233,1563778,0.03020441520471576
2021-10-20,2021-05-17,60-64,1,40268,104781,1256325,0.08340278192346726
2021-10-20,2021-05-17,60-64,2,520,34548,1256325,0.027499253775893975
2021-10-20,2021-05-17,65-69,1,157989,253349,1043853,0.24270563000729029
2021-10-20,2021-05-17,65-69,2,4753,30752,1043853,0.029460086812989953
2021-10-20,2021-05-17,70-74,1,125001,478119,778097,0.6144722316112259
2021-10-20,2021-05-17,70-74,2,47556,62465,778097,0.08027919398224129
2021-10-20,2021-05-17,75-79,1,78529,344848,546389,0.6311400851774103
2021-10-20,2021-05-17,75-79,2,36692,58229,546389,0.1065705934782728
2021-10-20,2021-05-17,80+,1,25539,459279,674853,0.6805615445141386
2021-10-20,2021-05-17,80+,2,71001,258101,674853,0.38245514208279435
2021-10-20,2021-05-24,10-14,1,3,11,2712491,4.055312994586894e-6
2021-10-20,2021-05-24,10-14,2,3,3,2712491,1.105994453069153e-6
2021-10-20,2021-05-24,15-19,1,1276,15950,2494642,0.006393702984235815
2021-10-20,2021-05-24,15-19,2,94,12148,2494642,0.004869636605172205
2021-10-20,2021-05-24,20-24,1,4412,81938,2652060,0.030895982745488413
2021-10-20,2021-05-24,20-24,2,3977,62552,2652060,0.02358619337420722
2021-10-20,2021-05-24,25-29,1,4839,118551,2729544,0.0434325293895244
2021-10-20,2021-05-24,25-29,2,4864,95318,2729544,0.034920851248413654
2021-10-20,2021-05-24,30-34,1,3951,122339,2620443,0.04668638089055934
2021-10-20,2021-05-24,30-34,2,3344,106489,2620443,0.04063778529050241
2021-10-20,2021-05-24,35-39,1,3947,97612,2488392,0.03922693852094043
2021-10-20,2021-05-24,35-39,2,1719,86065,2488392,0.03458659246613877
2021-10-20,2021-05-24,40-44,1,4110,81998,2291816,0.03577861398995382
2021-10-20,2021-05-24,40-44,2,963,72254,2291816,0.03152696377021541
2021-10-20,2021-05-24,45-49,1,4444,75934,1992510,0.03810972090478843
2021-10-20,2021-05-24,45-49,2,737,66057,1992510,0.03315265669933903
2021-10-20,2021-05-24,50-54,1,4409,65187,1795634,0.036303055076925474
2021-10-20,2021-05-24,50-54,2,741,55973,1795634,0.031171719849367965
2021-10-20,2021-05-24,55-59,1,20326,75183,1563778,0.04807779620892479
2021-10-20,2021-05-24,55-59,2,524,47757,1563778,0.030539501131234742
2021-10-20,2021-05-24,60-64,1,144081,248862,1256325,0.19808727837144052
2021-10-20,2021-05-24,60-64,2,535,35083,1256325,0.027925098999064733
2021-10-20,2021-05-24,65-69,1,294475,547824,1043853,0.5248095277783366
2021-10-20,2021-05-24,65-69,2,9417,40169,1043853,0.03848147200803178
2021-10-20,2021-05-24,70-74,1,35601,513720,778097,0.6602261671745296
2021-10-20,2021-05-24,70-74,2,73626,136091,778097,0.17490235793223724
2021-10-20,2021-05-24,75-79,1,23041,367889,546389,0.673309674975155
2021-10-20,2021-05-24,75-79,2,58723,116952,546389,0.21404530471879923
2021-10-20,2021-05-24,80+,1,14391,473670,674853,0.7018861885477282
2021-10-20,2021-05-24,80+,2,80100,338201,674853,0.5011476573416729
2021-10-20,2021-05-31,10-14,2,1,4,2712491,1.4746592707588707e-6
2021-10-20,2021-05-31,15-19,1,828,16778,2494642,0.006725614336646301
2021-10-20,2021-05-31,15-19,2,282,12430,2494642,0.0049826788773699796
2021-10-20,2021-05-31,20-24,1,2494,84432,2652060,0.031836383792221895
2021-10-20,2021-05-31,20-24,2,2181,64733,2652060,0.024408572958379525
2021-10-20,2021-05-31,25-29,1,2719,121270,2729544,0.04442866647322776
2021-10-20,2021-05-31,25-29,2,1699,97017,2729544,0.035543299540142965
2021-10-20,2021-05-31,30-34,1,2701,125040,2620443,0.04771712263918734
2021-10-20,2021-05-31,30-34,2,1364,107853,2620443,0.041158307965485225
2021-10-20,2021-05-31,35-39,1,2784,100396,2488392,0.040345733308899887
2021-10-20,2021-05-31,35-39,2,982,87047,2488392,0.03498122482309861
2021-10-20,2021-05-31,40-44,1,2997,84995,2291816,0.037086310593869666
2021-10-20,2021-05-31,40-44,2,858,73112,2291816,0.031901339374539664
2021-10-20,2021-05-31,45-49,1,3116,79050,1992510,0.03967357754791695
2021-10-20,2021-05-31,45-49,2,664,66721,1992510,0.03348590471315075
2021-10-20,2021-05-31,50-54,1,5051,70238,1795634,0.03911598911582204
2021-10-20,2021-05-31,50-54,2,562,56535,1795634,0.03148470122530538
2021-10-20,2021-05-31,55-59,1,19917,95100,1563778,0.060814258801441125
2021-10-20,2021-05-31,55-59,2,486,48243,1563778,0.030850286933311506
2021-10-20,2021-05-31,60-64,1,170784,419646,1256325,0.33402662527610294
2021-10-20,2021-05-31,60-64,2,1193,36276,1256325,0.02887469404811653
2021-10-20,2021-05-31,65-69,1,74400,622224,1043853,0.596083931358151
2021-10-20,2021-05-31,65-69,2,11146,51315,1043853,0.04915922069486796
2021-10-20,2021-05-31,70-74,1,12435,526155,778097,0.6762074651360949
2021-10-20,2021-05-31,70-74,2,100461,236552,778097,0.30401350988372916
2021-10-20,2021-05-31,75-79,1,8283,376172,546389,0.6884692041750474
2021-10-20,2021-05-31,75-79,2,66811,183763,546389,0.3363226565688548
2021-10-20,2021-05-31,80+,1,8154,481824,674853,0.7139688198763287
2021-10-20,2021-05-31,80+,2,20767,358968,674853,0.5319202848620366
2021-10-20,2021-06-07,10-14,1,1,12,2712491,4.423977812276612e-6
2021-10-20,2021-06-07,15-19,1,676,17454,2494642,0.006996595102623944
2021-10-20,2021-06-07,15-19,2,662,13092,2494642,0.0052480476156498606
2021-10-20,2021-06-07,20-24,1,2083,86515,2652060,0.032621810969585906
2021-10-20,2021-06-07,20-24,2,3284,68017,2652060,0.025646855651832914
2021-10-20,2021-06-07,25-29,1,2524,123794,2729544,0.04535336305258314
2021-10-20,2021-06-07,25-29,2,3353,100370,2729544,0.036771709853367446
2021-10-20,2021-06-07,30-34,1,2689,127729,2620443,0.04874328500944306
2021-10-20,2021-06-07,30-34,2,2774,110627,2620443,0.042216907599211276
2021-10-20,2021-06-07,35-39,1,2484,102880,2488392,0.041343968313674054
2021-10-20,2021-06-07,35-39,2,1983,89030,2488392,0.03577812498995335
2021-10-20,2021-06-07,40-44,1,2605,87600,2291816,0.038222963798140865
2021-10-20,2021-06-07,40-44,2,1754,74866,2291816,0.032666671320908836
2021-10-20,2021-06-07,45-49,1,3455,82505,1992510,0.04140757135472344
2021-10-20,2021-06-07,45-49,2,1776,68497,1992510,0.03437724277418934
2021-10-20,2021-06-07,50-54,1,11426,81664,1795634,0.0454792012180656
2021-10-20,2021-06-07,50-54,2,1640,58175,1795634,0.03239802766042523
2021-10-20,2021-06-07,55-59,1,44748,139848,1563778,0.08942957376302775
2021-10-20,2021-06-07,55-59,2,2598,50841,1563778,0.03251164807280829
2021-10-20,2021-06-07,60-64,1,336662,756308,1256325,0.6020002785903329
2021-10-20,2021-06-07,60-64,2,30416,66692,1256325,0.053084989950848704
2021-10-20,2021-06-07,65-69,1,55741,677965,1043853,0.6494832126745815
2021-10-20,2021-06-07,65-69,2,142953,194268,1043853,0.18610666444413151
2021-10-20,2021-06-07,70-74,1,20757,546912,778097,0.7028840877165701
2021-10-20,2021-06-07,70-74,2,186149,422701,778097,0.5432497490672756
2021-10-20,2021-06-07,75-79,1,14650,390822,546389,0.7152816033997756
2021-10-20,2021-06-07,75-79,2,121410,305173,546389,0.5585269835227283
2021-10-20,2021-06-07,80+,1,14985,496809,674853,0.7361736555961076
2021-10-20,2021-06-07,80+,2,59576,418544,674853,0.620200251017629
2021-10-20,2021-06-14,10-14,1,8,20,2712491,7.373296353794353e-6
2021-10-20,2021-06-14,10-14,2,1,5,2712491,1.8433240884485884e-6
2021-10-20,2021-06-14,15-19,1,1026,18480,2494642,0.0074078765610456334
2021-10-20,2021-06-14,15-19,2,1286,14378,2494642,0.005763552445601413
2021-10-20,2021-06-14,20-24,1,4555,91070,2652060,0.03433934375542032
2021-10-20,2021-06-14,20-24,2,6277,74294,2652060,0.028013695014441602
2021-10-20,2021-06-14,25-29,1,9421,133215,2729544,0.048804855316492424
2021-10-20,2021-06-14,25-29,2,7850,108220,2729544,0.039647648105324555
2021-10-20,2021-06-14,30-34,1,11344,139073,2620443,0.05307232403070779
2021-10-20,2021-06-14,30-34,2,5230,115857,2620443,0.04421275333979789
2021-10-20,2021-06-14,35-39,1,8446,111326,2488392,0.0447381280762838
2021-10-20,2021-06-14,35-39,2,4052,93082,2488392,0.03740648579484261
2021-10-20,2021-06-14,40-44,1,6657,94257,2291816,0.04112764724567766
2021-10-20,2021-06-14,40-44,2,4031,78897,2291816,0.03442553852490776
2021-10-20,2021-06-14,45-49,1,5730,88235,1992510,0.044283341112466186
2021-10-20,2021-06-14,45-49,2,4299,72796,1992510,0.03653482291180471
2021-10-20,2021-06-14,50-54,1,7530,89194,1795634,0.04967270613053663
2021-10-20,2021-06-14,50-54,2,4297,62472,1795634,0.03479105430171182
2021-10-20,2021-06-14,55-59,1,37634,177482,1563778,0.11349564963824789
2021-10-20,2021-06-14,55-59,2,17844,68685,1563778,0.04392247492930582
2021-10-20,2021-06-14,60-64,1,79097,835405,1256325,0.6649593059120849
2021-10-20,2021-06-14,60-64,2,140294,206986,1256325,0.16475513899667682
2021-10-20,2021-06-14,65-69,1,39307,717272,1043853,0.6871388979099547
2021-10-20,2021-06-14,65-69,2,299386,493654,1043853,0.4729152476450228
2021-10-20,2021-06-14,70-74,1,16987,563899,778097,0.7247155560296467
2021-10-20,2021-06-14,70-74,2,58504,481205,778097,0.6184383181017277
2021-10-20,2021-06-14,75-79,1,12458,403280,546389,0.7380822088292407
2021-10-20,2021-06-14,75-79,2,39540,344713,546389,0.6308930084610049
2021-10-20,2021-06-14,80+,1,13075,509884,674853,0.7555482453215737
2021-10-20,2021-06-14,80+,2,25952,444496,674853,0.6586560332398315
2021-10-20,2021-06-21,10-14,1,14,34,2712491,1.2534603801450401e-5
2021-10-20,2021-06-21,15-19,1,1876,20356,2494642,0.00815988827254572
2021-10-20,2021-06-21,15-19,2,813,15191,2494642,0.006089450911192868
2021-10-20,2021-06-21,20-24,1,7575,98645,2652060,0.03719561397555108
2021-10-20,2021-06-21,20-24,2,5537,79831,2652060,0.030101505999110125
2021-10-20,2021-06-21,25-29,1,12625,145840,2729544,0.053430170021073115
2021-10-20,2021-06-21,25-29,2,7205,115425,2729544,0.042287283150592186
2021-10-20,2021-06-21,30-34,1,13100,152173,2620443,0.05807147875378323
2021-10-20,2021-06-21,30-34,2,4476,120333,2620443,0.04592086147265939
2021-10-20,2021-06-21,35-39,1,10218,121544,2488392,0.04884439429157464
2021-10-20,2021-06-21,35-39,2,3234,96316,2488392,0.038706120257579996
2021-10-20,2021-06-21,40-44,1,7279,101536,2291816,0.04430373118958939
2021-10-20,2021-06-21,40-44,2,3268,82165,2291816,0.03585148196888406
2021-10-20,2021-06-21,45-49,1,9495,97730,1992510,0.04904868733406608
2021-10-20,2021-06-21,45-49,2,3331,76127,1992510,0.03820658365579094
2021-10-20,2021-06-21,50-54,1,51416,140610,1795634,0.07830660368426974
2021-10-20,2021-06-21,50-54,2,4532,67004,1795634,0.03731495393827473
2021-10-20,2021-06-21,55-59,1,139379,316861,1563778,0.20262530870750195
2021-10-20,2021-06-21,55-59,2,18908,87593,1563778,0.05601370527018541
2021-10-20,2021-06-21,60-64,1,34232,869637,1256325,0.6922070324159751
2021-10-20,2021-06-21,60-64,2,177631,384617,1256325,0.30614450878554517
2021-10-20,2021-06-21,65-69,1,21722,738994,1043853,0.7079483413852333
2021-10-20,2021-06-21,65-69,2,94134,587788,1043853,0.5630946119808057
2021-10-20,2021-06-21,70-74,1,13478,577377,778097,0.7420373038322985
2021-10-20,2021-06-21,70-74,2,17701,498906,778097,0.6411874097959509
2021-10-20,2021-06-21,75-79,1,10204,413484,546389,0.7567575481936862
2021-10-20,2021-06-21,75-79,2,11967,356680,546389,0.6527949867219143
2021-10-20,2021-06-21,80+,1,12112,521996,674853,0.7734958576163994
2021-10-20,2021-06-21,80+,2,11982,456478,674853,0.6764110109905417
2021-10-20,2021-06-28,10-14,1,6,40,2712491,1.4746592707588707e-5
2021-10-20,2021-06-28,15-19,1,1168,21524,2494642,0.008628091726187566
2021-10-20,2021-06-28,15-19,2,646,15837,2494642,0.006348405903532451
2021-10-20,2021-06-28,20-24,1,4606,103251,2652060,0.03893237709554082
2021-10-20,2021-06-28,20-24,2,2519,82350,2652060,0.031051333680233478
2021-10-20,2021-06-28,25-29,1,8109,153949,2729544,0.056400995917266765
2021-10-20,2021-06-28,25-29,2,3050,118475,2729544,0.04340468591090673
2021-10-20,2021-06-28,30-34,1,8408,160581,2620443,0.06128009653329609
2021-10-20,2021-06-28,30-34,2,2541,122874,2620443,0.04689054484299029
2021-10-20,2021-06-28,35-39,1,6651,128195,2488392,0.05151720468479243
2021-10-20,2021-06-28,35-39,2,2212,98528,2488392,0.039595047725599505
2021-10-20,2021-06-28,40-44,1,4926,106462,2291816,0.04645311840043005
2021-10-20,2021-06-28,40-44,2,2282,84447,2291816,0.036847198902529694
2021-10-20,2021-06-28,45-49,1,11180,108910,1992510,0.054659700578667106
2021-10-20,2021-06-28,45-49,2,2452,78579,1992510,0.039437192285107725
2021-10-20,2021-06-28,50-54,1,169502,310112,1795634,0.17270334600480944
2021-10-20,2021-06-28,50-54,2,7035,74039,1795634,0.04123279020112117
2021-10-20,2021-06-28,55-59,1,259826,576687,1563778,0.3687780490581144
2021-10-20,2021-06-28,55-59,2,36105,123698,1563778,0.07910202087508585
2021-10-20,2021-06-28,60-64,1,27555,897192,1256325,0.7141400513402185
2021-10-20,2021-06-28,60-64,2,302126,686743,1256325,0.5466284599924383
2021-10-20,2021-06-28,65-69,1,16195,755189,1043853,0.7234629780246835
2021-10-20,2021-06-28,65-69,2,46891,634679,1043853,0.6080156880327019
2021-10-20,2021-06-28,70-74,1,10297,587674,778097,0.7552708723976573
2021-10-20,2021-06-28,70-74,2,16516,515422,778097,0.6624135551223048
2021-10-20,2021-06-28,75-79,1,7761,421245,546389,0.7709617140901446
2021-10-20,2021-06-28,75-79,2,11484,368164,546389,0.6738129793974622
2021-10-20,2021-06-28,80+,1,8774,530770,674853,0.7864972075400124
2021-10-20,2021-06-28,80+,2,11405,467883,674853,0.6933109877262159
2021-10-20,2021-06-28,Desconocido,1,1,2,NA,NA
2021-10-20,2021-07-05,10-14,1,25,65,2712491,2.3963213149831648e-5
2021-10-20,2021-07-05,10-14,2,7,12,2712491,4.423977812276612e-6
2021-10-20,2021-07-05,15-19,1,2491,24015,2494642,0.009626631797267905
2021-10-20,2021-07-05,15-19,2,815,16652,2494642,0.006675106087366444
2021-10-20,2021-07-05,20-24,1,7028,110279,2652060,0.041582392555221226
2021-10-20,2021-07-05,20-24,2,3778,86128,2652060,0.03247588666923071
2021-10-20,2021-07-05,25-29,1,12314,166263,2729544,0.06091237217645145
2021-10-20,2021-07-05,25-29,2,8028,126503,2729544,0.04634583652067891
2021-10-20,2021-07-05,30-34,1,15018,175599,2620443,0.06701118856620808
2021-10-20,2021-07-05,30-34,2,9679,132553,2620443,0.05058419511510077
2021-10-20,2021-07-05,35-39,1,20345,148540,2488392,0.05969316731447457
2021-10-20,2021-07-05,35-39,2,7351,105879,2488392,0.04254916427958296
2021-10-20,2021-07-05,40-44,1,29678,136140,2291816,0.05940267456026138
2021-10-20,2021-07-05,40-44,2,5861,90308,2291816,0.0394045595283391
2021-10-20,2021-07-05,45-49,1,190752,299662,1992510,0.1503942263777848
2021-10-20,2021-07-05,45-49,2,5260,83839,1992510,0.04207707865958013
2021-10-20,2021-07-05,50-54,1,411198,721310,1795634,0.4017021286075002
2021-10-20,2021-07-05,50-54,2,9371,83410,1795634,0.04645155972765051
2021-10-20,2021-07-05,55-59,1,263127,839814,1563778,0.5370417028504046
2021-10-20,2021-07-05,55-59,2,34809,158507,1563778,0.10136157434111491
2021-10-20,2021-07-05,60-64,1,37314,934506,1256325,0.7438409647185242
2021-10-20,2021-07-05,60-64,2,92657,779400,1256325,0.6203808727837145
2021-10-20,2021-07-05,65-69,1,19385,774574,1043853,0.7420336005165479
2021-10-20,2021-07-05,65-69,2,39655,674334,1043853,0.6460047535428839
2021-10-20,2021-07-05,70-74,1,11966,599640,778097,0.7706494177461165
2021-10-20,2021-07-05,70-74,2,16373,531795,778097,0.6834559187350677
2021-10-20,2021-07-05,75-79,1,8572,429817,546389,0.7866501704829343
2021-10-20,2021-07-05,75-79,2,11705,379869,546389,0.6952354458087553
2021-10-20,2021-07-05,80+,1,9337,540107,674853,0.8003328132200642
2021-10-20,2021-07-05,80+,2,12710,480593,674853,0.712144718923973
2021-10-20,2021-07-12,10-14,1,26,91,2712491,3.354849840976431e-5
2021-10-20,2021-07-12,10-14,2,9,21,2712491,7.741961171484071e-6
2021-10-20,2021-07-12,15-19,1,2374,26389,2494642,0.010578271351159806
2021-10-20,2021-07-12,15-19,2,1424,18076,2494642,0.007245929476053077
2021-10-20,2021-07-12,20-24,1,6805,117084,2652060,0.04414832243614398
2021-10-20,2021-07-12,20-24,2,5983,92111,2652060,0.034731868811414525
2021-10-20,2021-07-12,25-29,1,8011,174274,2729544,0.06384729463969073
2021-10-20,2021-07-12,25-29,2,10335,136838,2729544,0.0501321832511218
2021-10-20,2021-07-12,30-34,1,13924,189523,2620443,0.07232479393751362
2021-10-20,2021-07-12,30-34,2,10997,143550,2620443,0.05478081377843365
2021-10-20,2021-07-12,35-39,1,21083,169623,2488392,0.06816570701079251
2021-10-20,2021-07-12,35-39,2,8653,114532,2488392,0.046026510292590556
2021-10-20,2021-07-12,40-44,1,48605,184745,2291816,0.08061074711058829
2021-10-20,2021-07-12,40-44,2,6362,96670,2291816,0.04218052409093924
2021-10-20,2021-07-12,45-49,1,366996,666658,1992510,0.33458200962604956
2021-10-20,2021-07-12,45-49,2,7891,91730,1992510,0.0460374101008276
2021-10-20,2021-07-12,50-54,1,291343,1012653,1795634,0.5639528990874533
2021-10-20,2021-07-12,50-54,2,41261,124671,1795634,0.06943007316635795
2021-10-20,2021-07-12,55-59,1,150478,990292,1563778,0.6332689166876628
2021-10-20,2021-07-12,55-59,2,120487,278994,1563778,0.1784102347008335
2021-10-20,2021-07-12,60-64,1,22140,956646,1256325,0.7614637932063757
2021-10-20,2021-07-12,60-64,2,41415,820815,1256325,0.6533460688914094
2021-10-20,2021-07-12,65-69,1,12998,787572,1043853,0.754485545378516
2021-10-20,2021-07-12,65-69,2,25557,699891,1043853,0.6704880859661274
2021-10-20,2021-07-12,70-74,1,7476,607116,778097,0.7802574743251806
2021-10-20,2021-07-12,70-74,2,15918,547713,778097,0.7039135223500412
2021-10-20,2021-07-12,75-79,1,5267,435084,546389,0.7962898228185413
2021-10-20,2021-07-12,75-79,2,11905,391774,546389,0.7170239517999081
2021-10-20,2021-07-12,80+,1,5264,545371,674853,0.8081330304525578
2021-10-20,2021-07-12,80+,2,13718,494311,674853,0.7324721087407183
2021-10-20,2021-07-19,10-14,1,402,493,2712491,1.8175175512103082e-4
2021-10-20,2021-07-19,10-14,2,3,24,2712491,8.847955624553224e-6
2021-10-20,2021-07-19,15-19,1,6474,32863,2494642,0.013173433302253389
2021-10-20,2021-07-19,15-19,2,906,18982,2494642,0.007609107839922522
2021-10-20,2021-07-19,20-24,1,17305,134389,2652060,0.05067343876081235
2021-10-20,2021-07-19,20-24,2,3942,96053,2652060,0.036218260522009306
2021-10-20,2021-07-19,25-29,1,20348,194622,2729544,0.07130201967801215
2021-10-20,2021-07-19,25-29,2,7403,144241,2729544,0.05284435788541969
2021-10-20,2021-07-19,30-34,1,40919,230442,2620443,0.0879400925721338
2021-10-20,2021-07-19,30-34,2,8068,151618,2620443,0.05785968250406515
2021-10-20,2021-07-19,35-39,1,52309,221932,2488392,0.08918691267292292
2021-10-20,2021-07-19,35-39,2,6349,120881,2488392,0.04857795717073516
2021-10-20,2021-07-19,40-44,1,274424,459169,2291816,0.20035159890671853
2021-10-20,2021-07-19,40-44,2,4599,101269,2291816,0.04418722969034163
2021-10-20,2021-07-19,45-49,1,252072,918730,1992510,0.4610917887488645
2021-10-20,2021-07-19,45-49,2,9301,101031,1992510,0.05070539169188611
2021-10-20,2021-07-19,50-54,1,112643,1125296,1795634,0.6266845025211151
2021-10-20,2021-07-19,50-54,2,135920,260591,1795634,0.14512478600873008
2021-10-20,2021-07-19,55-59,1,66032,1056324,1563778,0.6754948592447265
2021-10-20,2021-07-19,55-59,2,235010,514004,1563778,0.32869371483676074
2021-10-20,2021-07-19,60-64,1,16058,972704,1256325,0.7742455176805365
2021-10-20,2021-07-19,60-64,2,26382,847197,1256325,0.6743454122141962
2021-10-20,2021-07-19,65-69,1,9577,797149,1043853,0.7636602088608262
2021-10-20,2021-07-19,65-69,2,16877,716768,1043853,0.6866560713050592
2021-10-20,2021-07-19,70-74,1,5252,612368,778097,0.7870072754425219
2021-10-20,2021-07-19,70-74,2,11272,558985,778097,0.7184001480535204
2021-10-20,2021-07-19,75-79,1,3719,438803,546389,0.8030963288060338
2021-10-20,2021-07-19,75-79,2,8508,400282,546389,0.7325952755271428
2021-10-20,2021-07-19,80+,1,3449,548820,674853,0.8132437730883615
2021-10-20,2021-07-19,80+,2,9426,503737,674853,0.74643959499328
2021-10-20,2021-07-19,Desconocido,1,2,4,NA,NA
2021-10-20,2021-07-19,Desconocido,2,1,2,NA,NA
2021-10-20,2021-07-26,10-14,1,362,855,2712491,3.152084191247086e-4
2021-10-20,2021-07-26,10-14,2,20,44,2712491,1.6221251978347577e-5
2021-10-20,2021-07-26,15-19,1,2745,35608,2494642,0.01427379159013598
2021-10-20,2021-07-26,15-19,2,957,19939,2494642,0.007992730018976671
2021-10-20,2021-07-26,20-24,1,7505,141894,2652060,0.053503314404651475
2021-10-20,2021-07-26,20-24,2,4229,100282,2652060,0.0378128699953998
2021-10-20,2021-07-26,25-29,1,14176,208798,2729544,0.07649556116332984
2021-10-20,2021-07-26,25-29,2,8013,152254,2729544,0.05578001307178049
2021-10-20,2021-07-26,30-34,1,12896,243338,2620443,0.09286139786288043
2021-10-20,2021-07-26,30-34,2,9870,161488,2620443,0.0616262212152678
2021-10-20,2021-07-26,35-39,1,19027,240959,2488392,0.0968332159884777
2021-10-20,2021-07-26,35-39,2,12983,133864,2488392,0.05379538272105038
2021-10-20,2021-07-26,40-44,1,170425,629594,2291816,0.274714025907839
2021-10-20,2021-07-26,40-44,2,15721,116990,2291816,0.051046855419457755
2021-10-20,2021-07-26,45-49,1,94992,1013722,1992510,0.5087663299054961
2021-10-20,2021-07-26,45-49,2,135665,236696,1992510,0.11879287933310247
2021-10-20,2021-07-26,50-54,1,52980,1178276,1795634,0.6561894016263894
2021-10-20,2021-07-26,50-54,2,353674,614265,1795634,0.3420880869932291
2021-10-20,2021-07-26,55-59,1,29270,1085594,1563778,0.694212349834823
2021-10-20,2021-07-26,55-59,2,209582,723586,1563778,0.46271657485909123
2021-10-20,2021-07-26,60-64,1,9286,981990,1256325,0.7816369171989732
2021-10-20,2021-07-26,60-64,2,32896,880093,1256325,0.7005297196187292
2021-10-20,2021-07-26,65-69,1,5625,802774,1043853,0.7690488986476065
2021-10-20,2021-07-26,65-69,2,17604,734372,1043853,0.7035205148617669
2021-10-20,2021-07-26,70-74,1,3270,615638,778097,0.7912098363057563
2021-10-20,2021-07-26,70-74,2,11242,570227,778097,0.7328482181527496
2021-10-20,2021-07-26,75-79,1,2212,441015,546389,0.8071447265592828
2021-10-20,2021-07-26,75-79,2,8347,408629,546389,0.7478719373925903
2021-10-20,2021-07-26,80+,1,2174,550994,674853,0.8164652153876474
2021-10-20,2021-07-26,80+,2,9161,512898,674853,0.7600144031366831
2021-10-20,2021-07-26,Desconocido,1,1,5,NA,NA
2021-10-20,2021-08-02,10-14,1,129,984,2712491,3.627661806066822e-4
2021-10-20,2021-08-02,10-14,2,29,73,2712491,2.691253169134939e-5
2021-10-20,2021-08-02,15-19,1,4480,40088,2494642,0.01606964045341977
2021-10-20,2021-08-02,15-19,2,2491,22430,2494642,0.00899127009005701
2021-10-20,2021-08-02,20-24,1,13853,155747,2652060,0.05872680105276653
2021-10-20,2021-08-02,20-24,2,5183,105465,2652060,0.03976719983710776
2021-10-20,2021-08-02,25-29,1,18859,227657,2729544,0.08340477383768131
2021-10-20,2021-08-02,25-29,2,7993,160247,2729544,0.05870834102692611
2021-10-20,2021-08-02,30-34,1,24005,267343,2620443,0.10202206268176793
2021-10-20,2021-08-02,30-34,2,10038,171526,2620443,0.0654568712236824
2021-10-20,2021-08-02,35-39,1,112255,353214,2488392,0.14194467752669193
2021-10-20,2021-08-02,35-39,2,17460,151324,2488392,0.060811962102434024
2021-10-20,2021-08-02,40-44,1,237349,866943,2291816,0.3782777500462515
2021-10-20,2021-08-02,40-44,2,42858,159848,2291816,0.06974730955713722
2021-10-20,2021-08-02,45-49,1,144206,1157928,1992510,0.5811403706882274
2021-10-20,2021-08-02,45-49,2,324632,561328,1992510,0.28171903779654806
2021-10-20,2021-08-02,50-54,1,55457,1233733,1795634,0.6870737577925122
2021-10-20,2021-08-02,50-54,2,273755,888020,1795634,0.49454398836288466
2021-10-20,2021-08-02,55-59,1,34016,1119610,1563778,0.7159647980723607
2021-10-20,2021-08-02,55-59,2,176753,900339,1563778,0.575746045794224
2021-10-20,2021-08-02,60-64,1,11973,993963,1256325,0.7911670945018208
2021-10-20,2021-08-02,60-64,2,28507,908600,1256325,0.7232205042485026
2021-10-20,2021-08-02,65-69,1,7729,810503,1043853,0.7764531979119665
2021-10-20,2021-08-02,65-69,2,16709,751081,1043853,0.7195275579990669
2021-10-20,2021-08-02,70-74,1,4717,620355,778097,0.7972720624806419
2021-10-20,2021-08-02,70-74,2,9964,580191,778097,0.745653819510935
2021-10-20,2021-08-02,75-79,1,3090,444105,546389,0.8128000380681163
2021-10-20,2021-08-02,75-79,2,6922,415551,546389,0.760540567251537
2021-10-20,2021-08-02,80+,1,2791,553785,674853,0.8206009308693893
2021-10-20,2021-08-02,80+,2,7219,520117,674853,0.7707115475518372
2021-10-20,2021-08-02,Desconocido,1,3,8,NA,NA
2021-10-20,2021-08-09,10-14,1,387,1371,2712491,5.05439465052603e-4
2021-10-20,2021-08-09,10-14,2,309,382,2712491,1.4082996035747215e-4
2021-10-20,2021-08-09,15-19,1,4017,44105,2494642,0.01767989154355615
2021-10-20,2021-08-09,15-19,2,3793,26223,2494642,0.010511728737029201
2021-10-20,2021-08-09,20-24,1,9860,165607,2652060,0.06244466565613146
2021-10-20,2021-08-09,20-24,2,11673,117138,2652060,0.0441686839664261
2021-10-20,2021-08-09,25-29,1,12435,240092,2729544,0.08796047984571782
2021-10-20,2021-08-09,25-29,2,11074,171321,2729544,0.0627654289507698
2021-10-20,2021-08-09,30-34,1,16668,284011,2620443,0.10838281924086882
2021-10-20,2021-08-09,30-34,2,17469,188995,2620443,0.07212330128913318
2021-10-20,2021-08-09,35-39,1,74328,427542,2488392,0.17181456940867837
2021-10-20,2021-08-09,35-39,2,24265,175589,2488392,0.0705632392324039
2021-10-20,2021-08-09,40-44,1,183183,1050126,2291816,0.4582069415694803
2021-10-20,2021-08-09,40-44,2,198361,358209,2291816,0.156299196794158
2021-10-20,2021-08-09,45-49,1,99581,1257509,1992510,0.6311180370487476
2021-10-20,2021-08-09,45-49,2,209468,770796,1992510,0.3868467410452143
2021-10-20,2021-08-09,50-54,1,36409,1270142,1795634,0.7073501615585359
2021-10-20,2021-08-09,50-54,2,100270,988290,1795634,0.5503849893686575
2021-10-20,2021-08-09,55-59,1,23489,1143099,1563778,0.7309854723624453
2021-10-20,2021-08-09,55-59,2,69017,969356,1563778,0.6198808270739197
2021-10-20,2021-08-09,60-64,1,10182,1004145,1256325,0.799271685272521
2021-10-20,2021-08-09,60-64,2,16895,925495,1256325,0.7366684576045212
2021-10-20,2021-08-09,65-69,1,7117,817620,1043853,0.7832712077275249
2021-10-20,2021-08-09,65-69,2,10123,761204,1043853,0.7292252836366806
2021-10-20,2021-08-09,70-74,1,4745,625100,778097,0.8033702738861607
2021-10-20,2021-08-09,70-74,2,5884,586075,778097,0.75321585869114
2021-10-20,2021-08-09,75-79,1,3180,447285,546389,0.8186200673878866
2021-10-20,2021-08-09,75-79,2,4167,419718,546389,0.7681670018979152
2021-10-20,2021-08-09,80+,1,2878,556663,674853,0.8248655633152702
2021-10-20,2021-08-09,80+,2,4051,524168,674853,0.7767143363073143
2021-10-20,2021-08-09,Desconocido,2,1,3,NA,NA
2021-10-20,2021-08-16,10-14,1,956,2327,2712491,8.57883030763973e-4
2021-10-20,2021-08-16,10-14,2,380,762,2712491,2.8092259107956487e-4
2021-10-20,2021-08-16,15-19,1,3087,47192,2494642,0.018917343650912636
2021-10-20,2021-08-16,15-19,2,2959,29182,2494642,0.011697870876863293
2021-10-20,2021-08-16,20-24,1,8113,173720,2652060,0.06550379704833224
2021-10-20,2021-08-16,20-24,2,7463,124601,2652060,0.04698272286449025
2021-10-20,2021-08-16,25-29,1,8422,248514,2729544,0.091045976910429
2021-10-20,2021-08-16,25-29,2,13302,184623,2729544,0.06763877043198424
2021-10-20,2021-08-16,30-34,1,11010,295021,2620443,0.11258439889743833
2021-10-20,2021-08-16,30-34,2,28916,217911,2620443,0.08315807670687743
2021-10-20,2021-08-16,35-39,1,102068,529610,2488392,0.21283222257586426
2021-10-20,2021-08-16,35-39,2,38284,213873,2488392,0.08594827503062219
2021-10-20,2021-08-16,40-44,1,158597,1208723,2291816,0.5274083957874454
2021-10-20,2021-08-16,40-44,2,201355,559564,2291816,0.2441574716294851
2021-10-20,2021-08-16,45-49,1,66088,1323597,1992510,0.6642862520137917
2021-10-20,2021-08-16,45-49,2,133117,903913,1992510,0.45365543962138205
2021-10-20,2021-08-16,50-54,1,28941,1299083,1795634,0.7234675886065869
2021-10-20,2021-08-16,50-54,2,86327,1074617,1795634,0.5984610449568231
2021-10-20,2021-08-16,55-59,1,19641,1162740,1563778,0.7435454393142761
2021-10-20,2021-08-16,55-59,2,47537,1016893,1563778,0.6502796432741732
2021-10-20,2021-08-16,60-64,1,10509,1014654,1256325,0.8076365590114023
2021-10-20,2021-08-16,60-64,2,14260,939755,1256325,0.7480190237398763
2021-10-20,2021-08-16,65-69,1,7277,824897,1043853,0.7902424958303516
2021-10-20,2021-08-16,65-69,2,8840,770044,1043853,0.7376939090082607
2021-10-20,2021-08-16,70-74,1,4901,630001,778097,0.8096689744337788
2021-10-20,2021-08-16,70-74,2,5100,591175,778097,0.7597703114136155
2021-10-20,2021-08-16,75-79,1,3247,450532,546389,0.82456271996691
2021-10-20,2021-08-16,75-79,2,3629,423347,546389,0.7748087900744708
2021-10-20,2021-08-16,80+,1,2916,559579,674853,0.8291865043202001
2021-10-20,2021-08-16,80+,2,3732,527900,674853,0.7822444295276156
2021-10-20,2021-08-16,Desconocido,2,1,4,NA,NA
2021-10-20,2021-08-23,10-14,1,913,3240,2712491,0.0011944740093146854
2021-10-20,2021-08-23,10-14,2,352,1114,2712491,4.106926069063455e-4
2021-10-20,2021-08-23,15-19,1,4716,51908,2494642,0.02080779526681584
2021-10-20,2021-08-23,15-19,2,3790,32972,2494642,0.013217126946471678
2021-10-20,2021-08-23,20-24,1,9220,182940,2652060,0.06898033981131649
2021-10-20,2021-08-23,20-24,2,9704,134305,2652060,0.05064176526926238
2021-10-20,2021-08-23,25-29,1,8537,257051,2729544,0.09417360555462743
2021-10-20,2021-08-23,25-29,2,15796,200419,2729544,0.0734258176457313
2021-10-20,2021-08-23,30-34,1,33378,328399,2620443,0.12532193983994308
2021-10-20,2021-08-23,30-34,2,20998,238909,2620443,0.0911712256286437
2021-10-20,2021-08-23,35-39,1,261624,791234,2488392,0.3179699982960884
2021-10-20,2021-08-23,35-39,2,84270,298143,2488392,0.119813518127369
2021-10-20,2021-08-23,40-44,1,139723,1348446,2291816,0.5883744593806832
2021-10-20,2021-08-23,40-44,2,164004,723568,2291816,0.3157181902910181
2021-10-20,2021-08-23,45-49,1,79817,1403414,1992510,0.7043447711680243
2021-10-20,2021-08-23,45-49,2,133485,1037398,1992510,0.5206488298678551
2021-10-20,2021-08-23,50-54,1,36455,1335538,1795634,0.7437696100653028
2021-10-20,2021-08-23,50-54,2,73654,1148271,1795634,0.6394794262082362
2021-10-20,2021-08-23,55-59,1,24864,1187604,1563778,0.7594453944229935
2021-10-20,2021-08-23,55-59,2,40138,1057031,1563778,0.6759469694547435
2021-10-20,2021-08-23,60-64,1,12531,1027185,1256325,0.817610888902155
2021-10-20,2021-08-23,60-64,2,14105,953860,1256325,0.7592462141563687
2021-10-20,2021-08-23,65-69,1,8452,833349,1043853,0.7983394213553058
2021-10-20,2021-08-23,65-69,2,9082,779126,1043853,0.7463943677893343
2021-10-20,2021-08-23,70-74,1,4943,634944,778097,0.8160216528273467
2021-10-20,2021-08-23,70-74,2,5712,596887,778097,0.767111298462788
2021-10-20,2021-08-23,75-79,1,3226,453758,546389,0.8304669383900481
2021-10-20,2021-08-23,75-79,2,3810,427157,546389,0.7817818440707994
2021-10-20,2021-08-23,80+,1,3178,562757,674853,0.8338956780217321
2021-10-20,2021-08-23,80+,2,3780,531680,674853,0.7878456493488212
2021-10-20,2021-08-23,Desconocido,2,2,6,NA,NA
2021-10-20,2021-08-30,10-14,1,602,3842,2712491,0.0014164102295638953
2021-10-20,2021-08-30,10-14,2,349,1463,2712491,5.393566282800569e-4
2021-10-20,2021-08-30,15-19,1,4975,56883,2494642,0.022802069395127637
2021-10-20,2021-08-30,15-19,2,4333,37305,2494642,0.014954049518928968
2021-10-20,2021-08-30,20-24,1,10229,193169,2652060,0.07283734153827591
2021-10-20,2021-08-30,20-24,2,12355,146660,2652060,0.05530040798473639
2021-10-20,2021-08-30,25-29,1,15090,272141,2729544,0.09970200150647873
2021-10-20,2021-08-30,25-29,2,14974,215393,2729544,0.07891171565653457
2021-10-20,2021-08-30,30-34,1,250070,578469,2620443,0.2207523689696742
2021-10-20,2021-08-30,30-34,2,18611,257520,2620443,0.09827345986919006
2021-10-20,2021-08-30,35-39,1,322002,1113236,2488392,0.4473716359801832
2021-10-20,2021-08-30,35-39,2,81955,380098,2488392,0.15274844156386935
2021-10-20,2021-08-30,40-44,1,125635,1474081,2291816,0.64319343263159
2021-10-20,2021-08-30,40-44,2,211093,934661,2291816,0.40782549733486456
2021-10-20,2021-08-30,45-49,1,68237,1471651,1992510,0.7385915252621066
2021-10-20,2021-08-30,45-49,2,113555,1150953,1992510,0.5776397609045877
2021-10-20,2021-08-30,50-54,1,36649,1372187,1795634,0.7641796713584171
2021-10-20,2021-08-30,50-54,2,42749,1191020,1795634,0.663286616314906
2021-10-20,2021-08-30,55-59,1,23813,1211417,1563778,0.7746732592477961
2021-10-20,2021-08-30,55-59,2,27043,1084074,1563778,0.6932403448571345
2021-10-20,2021-08-30,60-64,1,12089,1039274,1256325,0.8272333990010546
2021-10-20,2021-08-30,60-64,2,10301,964161,1256325,0.7674455256402603
2021-10-20,2021-08-30,65-69,1,7603,840952,1043853,0.8056230139684419
2021-10-20,2021-08-30,65-69,2,6801,785927,1043853,0.7529096529875375
2021-10-20,2021-08-30,70-74,1,4389,639333,778097,0.8216623377291006
2021-10-20,2021-08-30,70-74,2,4185,601072,778097,0.7724898052556429
2021-10-20,2021-08-30,75-79,1,2795,456553,546389,0.8355823415185885
2021-10-20,2021-08-30,75-79,2,2807,429964,546389,0.7869192095741312
2021-10-20,2021-08-30,80+,1,2639,565396,674853,0.8378061592672774
2021-10-20,2021-08-30,80+,2,2592,534272,674853,0.7916864857976478
2021-10-20,2021-08-30,Desconocido,1,2,10,NA,NA
2021-10-20,2021-09-06,10-14,1,7826,11668,2712491,0.0043015810928036255
2021-10-20,2021-09-06,10-14,2,730,2193,2712491,8.084819451935509e-4
2021-10-20,2021-09-06,15-19,1,36510,93393,2494642,0.03743743591264799
2021-10-20,2021-09-06,15-19,2,2686,39991,2494642,0.016030757118656706
2021-10-20,2021-09-06,20-24,1,81288,274457,2652060,0.10348823178962768
2021-10-20,2021-09-06,20-24,2,6428,153088,2652060,0.0577241842190599
2021-10-20,2021-09-06,25-29,1,300721,572862,2729544,0.20987461641944588
2021-10-20,2021-09-06,25-29,2,9127,224520,2729544,0.08225549762158074
2021-10-20,2021-09-06,30-34,1,729940,1308409,2620443,0.4993083230583531
2021-10-20,2021-09-06,30-34,2,12402,269922,2620443,0.10300624741694439
2021-10-20,2021-09-06,35-39,1,400643,1513879,2488392,0.6083764133625249
2021-10-20,2021-09-06,35-39,2,63239,443337,2488392,0.17816204199338367
2021-10-20,2021-09-06,40-44,1,161434,1635515,2291816,0.7136327698209629
2021-10-20,2021-09-06,40-44,2,141851,1076512,2291816,0.4697200822404591
2021-10-20,2021-09-06,45-49,1,93192,1564843,1992510,0.7853626832487667
2021-10-20,2021-09-06,45-49,2,73688,1224641,1992510,0.6146222603650672
2021-10-20,2021-09-06,50-54,1,44996,1417183,1795634,0.7892382300624737
2021-10-20,2021-09-06,50-54,2,33780,1224800,1795634,0.6820989132529235
2021-10-20,2021-09-06,55-59,1,31413,1242830,1563778,0.7947611489610418
2021-10-20,2021-09-06,55-59,2,22699,1106773,1563778,0.7077558323496046
2021-10-20,2021-09-06,60-64,1,17999,1057273,1256325,0.8415601058643265
2021-10-20,2021-09-06,60-64,2,10786,974947,1256325,0.7760308837283346
2021-10-20,2021-09-06,65-69,1,11431,852383,1043853,0.8165737896044749
2021-10-20,2021-09-06,65-69,2,7326,793253,1043853,0.7599278825658402
2021-10-20,2021-09-06,70-74,1,6311,645644,778097,0.8297731516764619
2021-10-20,2021-09-06,70-74,2,4631,605703,778097,0.7784415053650123
2021-10-20,2021-09-06,75-79,1,3999,460552,546389,0.8429013029178846
2021-10-20,2021-09-06,75-79,2,3052,433016,546389,0.7925049735627914
2021-10-20,2021-09-06,80+,1,3808,569204,674853,0.8434488696056771
2021-10-20,2021-09-06,80+,2,2663,536935,674853,0.7956325303436452
2021-10-20,2021-09-06,Desconocido,2,1,7,NA,NA
2021-10-20,2021-09-13,10-14,1,18641,30309,2712491,0.011173861959357653
2021-10-20,2021-09-13,10-14,2,896,3089,2712491,0.001138805621843538
2021-10-20,2021-09-13,15-19,1,137774,231167,2494642,0.09266540048632228
2021-10-20,2021-09-13,15-19,2,4261,44252,2494642,0.01773881783438265
2021-10-20,2021-09-13,20-24,1,337100,611557,2652060,0.23059696990264172
2021-10-20,2021-09-13,20-24,2,9958,163046,2652060,0.061479001229233124
2021-10-20,2021-09-13,25-29,1,659995,1232857,2729544,0.4516714147124941
2021-10-20,2021-09-13,25-29,2,9684,234204,2729544,0.08580334297596962
2021-10-20,2021-09-13,30-34,1,307653,1616062,2620443,0.6167132809223479
2021-10-20,2021-09-13,30-34,2,23628,293550,2620443,0.11202304343196932
2021-10-20,2021-09-13,35-39,1,165121,1679000,2488392,0.6747329198936503
2021-10-20,2021-09-13,35-39,2,208170,651507,2488392,0.2618184755456536
2021-10-20,2021-09-13,40-44,1,73652,1709167,2291816,0.7457697302052172
2021-10-20,2021-09-13,40-44,2,127247,1203759,2291816,0.5252424278388841
2021-10-20,2021-09-13,45-49,1,50749,1615592,1992510,0.8108325679670365
2021-10-20,2021-09-13,45-49,2,65053,1289694,1992510,0.6472710300073776
2021-10-20,2021-09-13,50-54,1,29557,1446740,1795634,0.8056987114300576
2021-10-20,2021-09-13,50-54,2,32816,1257616,1795634,0.7003743524571265
2021-10-20,2021-09-13,55-59,1,22050,1264880,1563778,0.8088616159071172
2021-10-20,2021-09-13,55-59,2,22938,1129711,1563778,0.7224241548352771
2021-10-20,2021-09-13,60-64,1,12791,1070064,1256325,0.8517413885738165
2021-10-20,2021-09-13,60-64,2,12155,987102,1256325,0.7857059280042983
2021-10-20,2021-09-13,65-69,1,8422,860805,1043853,0.8246419754505663
2021-10-20,2021-09-13,65-69,2,8173,801426,1043853,0.76775752907737
2021-10-20,2021-09-13,70-74,1,4825,650469,778097,0.8359741780266471
2021-10-20,2021-09-13,70-74,2,5002,610705,778097,0.7848700097802717
2021-10-20,2021-09-13,75-79,1,3136,463688,546389,0.8486408035300858
2021-10-20,2021-09-13,75-79,2,3312,436328,546389,0.7985665890052691
2021-10-20,2021-09-13,80+,1,3033,572237,674853,0.847943181700311
2021-10-20,2021-09-13,80+,2,3044,539979,674853,0.8001431422843197
2021-10-20,2021-09-20,10-14,1,5892,36201,2712491,0.013346035065185469
2021-10-20,2021-09-20,10-14,2,560,3649,2712491,0.00134525791974978
2021-10-20,2021-09-20,15-19,1,43446,274613,2494642,0.11008112586896236
2021-10-20,2021-09-20,15-19,2,2998,47250,2494642,0.01894059347994622
2021-10-20,2021-09-20,20-24,1,232514,844071,2652060,0.31826994864369584
2021-10-20,2021-09-20,20-24,2,7873,170919,2652060,0.06444763693129114
2021-10-20,2021-09-20,25-29,1,253868,1486725,2729544,0.5446788914192261
2021-10-20,2021-09-20,25-29,2,11727,245931,2729544,0.09009966499898885
2021-10-20,2021-09-20,30-34,1,120411,1736473,2620443,0.6626639083544271
2021-10-20,2021-09-20,30-34,2,162769,456319,2620443,0.17413811328847834
2021-10-20,2021-09-20,35-39,1,73024,1752024,2488392,0.7040787785847246
2021-10-20,2021-09-20,35-39,2,263403,914910,2488392,0.3676711707801665
2021-10-20,2021-09-20,40-44,1,37648,1746815,2291816,0.7621968779343542
2021-10-20,2021-09-20,40-44,2,110921,1314680,2291816,0.5736411649102721
2021-10-20,2021-09-20,45-49,1,25430,1641022,1992510,0.8235953646405789
2021-10-20,2021-09-20,45-49,2,70166,1359860,1992510,0.6824859097319461
2021-10-20,2021-09-20,50-54,1,16331,1463071,1795634,0.8147935492422175
2021-10-20,2021-09-20,50-54,2,35096,1292712,1795634,0.7199195381686914
2021-10-20,2021-09-20,55-59,1,12483,1277363,1563778,0.8168442067863853
2021-10-20,2021-09-20,55-59,2,23697,1153408,1563778,0.737577840332835
2021-10-20,2021-09-20,60-64,1,7377,1077441,1256325,0.8576132768192943
2021-10-20,2021-09-20,60-64,2,12142,999244,1256325,0.7953706246393251
2021-10-20,2021-09-20,65-69,1,4874,865679,1043853,0.8293112152764806
2021-10-20,2021-09-20,65-69,2,8132,809558,1043853,0.7755478980277875
2021-10-20,2021-09-20,70-74,1,2860,653329,778097,0.8396498122984667
2021-10-20,2021-09-20,70-74,2,4996,615701,778097,0.7912908030746809
2021-10-20,2021-09-20,75-79,1,1875,465563,546389,0.8520724245912711
2021-10-20,2021-09-20,75-79,2,3276,439604,546389,0.8045623173233721
2021-10-20,2021-09-20,80+,1,1921,574158,674853,0.8507897275406644
2021-10-20,2021-09-20,80+,2,3034,543013,674853,0.8046389361831392
2021-10-20,2021-09-27,10-14,1,1612,37813,2712491,0.013940322751301295
2021-10-20,2021-09-27,10-14,2,6572,10221,2712491,0.0037681231016066046
2021-10-20,2021-09-27,15-19,1,48374,322987,2494642,0.1294722850012146
2021-10-20,2021-09-27,15-19,2,25979,73229,2494642,0.02935451259138586
2021-10-20,2021-09-27,20-24,1,321521,1165592,2652060,0.43950438527031815
2021-10-20,2021-09-27,20-24,2,52554,223473,2652060,0.08426393068030134
2021-10-20,2021-09-27,25-29,1,160676,1647401,2729544,0.6035444015557178
2021-10-20,2021-09-27,25-29,2,176986,422917,2729544,0.15494053219145762
2021-10-20,2021-09-27,30-34,1,87700,1824173,2620443,0.6961315319585276
2021-10-20,2021-09-27,30-34,2,513583,969902,2620443,0.37012902016949045
2021-10-20,2021-09-27,35-39,1,54848,1806872,2488392,0.7261203218785465
2021-10-20,2021-09-27,35-39,2,315733,1230643,2488392,0.49455351086163274
2021-10-20,2021-09-27,40-44,1,30407,1777222,2291816,0.7754645224573002
2021-10-20,2021-09-27,40-44,2,144336,1459016,2291816,0.6366200427957567
2021-10-20,2021-09-27,45-49,1,21297,1662319,1992510,0.834283893179959
2021-10-20,2021-09-27,45-49,2,80092,1439952,1992510,0.7226824457593688
2021-10-20,2021-09-27,50-54,1,13953,1477024,1795634,0.8225640637234537
2021-10-20,2021-09-27,50-54,2,40993,1333705,1795634,0.7427488007021475
2021-10-20,2021-09-27,55-59,1,10589,1287952,1563778,0.8236156283052966
2021-10-20,2021-09-27,55-59,2,28232,1181640,1563778,0.7556315538394837
2021-10-20,2021-09-27,60-64,1,6676,1084117,1256325,0.8629271884265616
2021-10-20,2021-09-27,60-64,2,16240,1015484,1256325,0.8082972160866018
2021-10-20,2021-09-27,65-69,1,4333,870012,1043853,0.8334621828935683
2021-10-20,2021-09-27,65-69,2,10567,820125,1043853,0.785670970912571
2021-10-20,2021-09-27,70-74,1,2493,655822,778097,0.8428537830116296
2021-10-20,2021-09-27,70-74,2,5927,621628,778097,0.7989081052876441
2021-10-20,2021-09-27,75-79,1,1743,467306,546389,0.855262459529749
2021-10-20,2021-09-27,75-79,2,3956,443560,546389,0.8118025802129984
2021-10-20,2021-09-27,80+,1,1808,575966,674853,0.8534688295080558
2021-10-20,2021-09-27,80+,2,3691,546704,674853,0.8101082754318348
2021-10-20,2021-09-27,Desconocido,2,1,8,NA,NA
2021-10-20,2021-10-04,10-14,1,1103,38916,2712491,0.014346960045213053
2021-10-20,2021-10-04,10-14,2,15358,25579,2712491,0.009430077371685289
2021-10-20,2021-10-04,15-19,1,30351,353338,2494642,0.141638760190841
2021-10-20,2021-10-04,15-19,2,101250,174479,2494642,0.06994149861984204
2021-10-20,2021-10-04,20-24,1,199256,1364848,2652060,0.5146369237498397
2021-10-20,2021-10-04,20-24,2,231555,455028,2652060,0.17157530372616003
2021-10-20,2021-10-04,25-29,1,139886,1787287,2729544,0.6547932548440325
2021-10-20,2021-10-04,25-29,2,463418,886335,2729544,0.3247190739552101
2021-10-20,2021-10-04,30-34,1,68184,1892357,2620443,0.7221515598698388
2021-10-20,2021-10-04,30-34,2,305024,1274926,2620443,0.4865307125550909
2021-10-20,2021-10-04,35-39,1,42586,1849458,2488392,0.7432341849676417
2021-10-20,2021-10-04,35-39,2,187261,1417904,2488392,0.5698073293918322
2021-10-20,2021-10-04,40-44,1,23686,1800908,2291816,0.7857995580797063
2021-10-20,2021-10-04,40-44,2,80291,1539307,2291816,0.6716538325938906
2021-10-20,2021-10-04,45-49,1,16857,1679176,1992510,0.8427440765667424
2021-10-20,2021-10-04,45-49,2,53277,1493229,1992510,0.7494210819519099
2021-10-20,2021-10-04,50-54,1,11430,1488454,1795634,0.8289295034511487
2021-10-20,2021-10-04,50-54,2,28288,1361993,1795634,0.7585025678952392
2021-10-20,2021-10-04,55-59,1,8709,1296661,1563778,0.8291848331412771
2021-10-20,2021-10-04,55-59,2,20435,1202075,1563778,0.7686992654967649
2021-10-20,2021-10-04,60-64,1,5432,1089549,1256325,0.8672509103934094
2021-10-20,2021-10-04,60-64,2,11582,1027066,1256325,0.8175161681889639
2021-10-20,2021-10-04,65-69,1,3528,873540,1043853,0.8368419691278369
2021-10-20,2021-10-04,65-69,2,7528,827653,1043853,0.7928827143285501
2021-10-20,2021-10-04,70-74,1,1874,657696,778097,0.8452622230904373
2021-10-20,2021-10-04,70-74,2,4196,625824,778097,0.8043007491353906
2021-10-20,2021-10-04,75-79,1,1260,468566,546389,0.8575685088828655
2021-10-20,2021-10-04,75-79,2,2645,446205,546389,0.8166434536566439
2021-10-20,2021-10-04,80+,1,1257,577223,674853,0.8553314573692344
2021-10-20,2021-10-04,80+,2,2659,549363,674853,0.8140483927610902
2021-10-20,2021-10-11,10-14,1,978,39894,2712491,0.014707514236913598
2021-10-20,2021-10-11,10-14,2,4798,30377,2712491,0.011198931166960554
2021-10-20,2021-10-11,15-19,1,155712,509050,2494642,0.20405733568183332
2021-10-20,2021-10-11,15-19,2,40330,214809,2494642,0.08610814698060884
2021-10-20,2021-10-11,15-19,3,5,5,2494642,2.0042956063435154e-6
2021-10-20,2021-10-11,20-24,1,196731,1561579,2652060,0.5888173721559844
2021-10-20,2021-10-11,20-24,2,180754,635782,2652060,0.23973137862642624
2021-10-20,2021-10-11,20-24,3,490,490,2652060,1.847620340414621e-4
2021-10-20,2021-10-11,25-29,1,126165,1913452,2729544,0.7010152611571749
2021-10-20,2021-10-11,25-29,2,245835,1132170,2729544,0.4147835682443661
2021-10-20,2021-10-11,25-29,3,4313,4313,2729544,0.001580117411552992
2021-10-20,2021-10-11,30-34,1,64690,1957047,2620443,0.7468382254450869
2021-10-20,2021-10-11,30-34,2,145874,1420800,2620443,0.5421983992782899
2021-10-20,2021-10-11,30-34,3,7446,7446,2620443,0.002841504280001511
2021-10-20,2021-10-11,35-39,1,42592,1892050,2488392,0.7603504592524007
2021-10-20,2021-10-11,35-39,2,89435,1507339,2488392,0.6057482100890856
2021-10-20,2021-10-11,35-39,3,6824,6824,2488392,0.0027423332015213036
2021-10-20,2021-10-11,40-44,1,26115,1827023,2291816,0.7971944519106245
2021-10-20,2021-10-11,40-44,2,44486,1583793,2291816,0.6910646404423392
2021-10-20,2021-10-11,40-44,3,6049,6049,2291816,0.0026393916440063253
2021-10-20,2021-10-11,45-49,1,19594,1698770,1992510,0.8525779042514215
2021-10-20,2021-10-11,45-49,2,29353,1522582,1992510,0.7641527520564514
2021-10-20,2021-10-11,45-49,3,5849,5849,1992510,0.0029354934228686433
2021-10-20,2021-10-11,50-54,1,12356,1500810,1795634,0.8358106384708688
2021-10-20,2021-10-11,50-54,2,17485,1379478,1795634,0.7682400756501603
2021-10-20,2021-10-11,50-54,3,4643,4643,1795634,0.002585716242842361
2021-10-20,2021-10-11,55-59,1,9300,1305961,1563778,0.83513196886003
2021-10-20,2021-10-11,55-59,2,13130,1215205,1563778,0.7770955979685096
2021-10-20,2021-10-11,55-59,3,3727,3727,1563778,0.0023833306262142067
2021-10-20,2021-10-11,60-64,1,5370,1094919,1256325,0.8715252820727121
2021-10-20,2021-10-11,60-64,2,7431,1034497,1256325,0.8234310389429487
2021-10-20,2021-10-11,60-64,3,2952,2952,1256325,0.002349710465046863
2021-10-20,2021-10-11,65-69,1,3569,877109,1043853,0.8402610329232181
2021-10-20,2021-10-11,65-69,2,4848,832501,1043853,0.7975270464327832
2021-10-20,2021-10-11,65-69,3,1610,1610,1043853,0.0015423627656384567
2021-10-20,2021-10-11,70-74,1,2027,659723,778097,0.8478672967509192
2021-10-20,2021-10-11,70-74,2,2812,628636,778097,0.8079146944404104
2021-10-20,2021-10-11,70-74,3,73,73,778097,9.38186370079823e-5
2021-10-20,2021-10-11,75-79,1,1353,469919,546389,0.8600447666406168
2021-10-20,2021-10-11,75-79,2,1814,448019,546389,0.819963432645972
2021-10-20,2021-10-11,75-79,3,6,6,546389,1.0981187395793108e-5
2021-10-20,2021-10-11,80+,1,1246,578469,674853,0.8571777853843726
2021-10-20,2021-10-11,80+,2,1849,551212,674853,0.8167882487000873
2021-10-20,2021-10-11,80+,3,1,1,674853,1.4818041855041023e-6
2021-10-20,2021-10-11,Desconocido,1,1,11,NA,NA
2021-10-20,2021-10-18,10-14,1,6943,46837,2712491,0.017267154066133307
2021-10-20,2021-10-18,10-14,2,1426,31803,2712491,0.011724647196986092
2021-10-20,2021-10-18,15-19,1,125718,634768,2494642,0.25445254268949213
2021-10-20,2021-10-18,15-19,2,13703,228512,2494642,0.09160111951935387
2021-10-20,2021-10-18,15-19,3,25,30,2494642,1.2025773638061092e-5
2021-10-20,2021-10-18,20-24,1,55039,1616618,2652060,0.6095706733633477
2021-10-20,2021-10-18,20-24,2,104155,739937,2652060,0.2790046228215048
2021-10-20,2021-10-18,20-24,3,1088,1578,2652060,5.95009162688627e-4
2021-10-20,2021-10-18,25-29,1,35541,1948993,2729544,0.7140361173881059
2021-10-20,2021-10-18,25-29,2,70739,1202909,2729544,0.4406996186908876
2021-10-20,2021-10-18,25-29,3,7252,11565,2729544,0.004236971450176293
2021-10-20,2021-10-18,30-34,1,18708,1975755,2620443,0.7539774763274759
2021-10-20,2021-10-18,30-34,2,42380,1463180,2620443,0.5583712372297356
2021-10-20,2021-10-18,30-34,3,12348,19794,2620443,0.007553684625080569
2021-10-20,2021-10-18,35-39,1,13341,1905391,2488392,0.7657117528106504
2021-10-20,2021-10-18,35-39,2,27190,1534529,2488392,0.616674945105112
2021-10-20,2021-10-18,35-39,3,12039,18863,2488392,0.007580397300746828
2021-10-20,2021-10-18,40-44,1,8324,1835347,2291816,0.8008265061418544
2021-10-20,2021-10-18,40-44,2,14764,1598557,2291816,0.6975066933820167
2021-10-20,2021-10-18,40-44,3,10474,16523,2291816,0.007209566562062574
2021-10-20,2021-10-18,45-49,1,6255,1705025,1992510,0.8557171607670727
2021-10-20,2021-10-18,45-49,2,10109,1532691,1992510,0.7692262523149194
2021-10-20,2021-10-18,45-49,3,9834,15683,1992510,0.007870976808146508
2021-10-20,2021-10-18,50-54,1,4010,1504820,1795634,0.8380438329860094
2021-10-20,2021-10-18,50-54,2,6316,1385794,1795634,0.7717574962380975
2021-10-20,2021-10-18,50-54,3,7497,12140,1795634,0.006760843245338415
2021-10-20,2021-10-18,55-59,1,3032,1308993,1563778,0.8370708629997352
2021-10-20,2021-10-18,55-59,2,4660,1219865,1563778,0.7800755605974761
2021-10-20,2021-10-18,55-59,3,6338,10065,1563778,0.00643633559239227
2021-10-20,2021-10-18,60-64,1,1889,1096808,1256325,0.8730288738980757
2021-10-20,2021-10-18,60-64,2,2822,1037319,1256325,0.8256772729986269
2021-10-20,2021-10-18,60-64,3,4980,7932,1256325,0.006313652916243806
2021-10-20,2021-10-18,65-69,1,1254,878363,1043853,0.8414623514996843
2021-10-20,2021-10-18,65-69,2,1842,834343,1043853,0.7992916627149608
2021-10-20,2021-10-18,65-69,3,2818,4428,1043853,0.00424197660015347
2021-10-20,2021-10-18,70-74,1,650,660373,778097,0.8487026681763328
2021-10-20,2021-10-18,70-74,2,1004,629640,778097,0.8092050219959722
2021-10-20,2021-10-18,70-74,3,130,203,778097,2.608929220906905e-4
2021-10-20,2021-10-18,75-79,1,462,470381,546389,0.8608903180700929
2021-10-20,2021-10-18,75-79,2,679,448698,546389,0.8212061370195959
2021-10-20,2021-10-18,75-79,3,17,23,546389,4.209455168387358e-5
2021-10-20,2021-10-18,80+,1,500,578969,674853,0.8579186874771246
2021-10-20,2021-10-18,80+,2,678,551890,674853,0.8177929119378591
2021-10-20,2021-10-18,80+,3,2,3,674853,4.445412556512307e-6
2021-10-20,2021-10-18,Desconocido,1,1,12,NA,NA
